506,6,6
-0.41937,0.28455,-1.28664,-0.27233,-0.14408,0.41326,3,2,5,4,6,1
-0.41693,-0.48724,-0.59279,-0.27233,-0.73953,0.19408,3,1,5,6,4,2
-0.41693,-0.48724,-0.59279,-0.27233,-0.73953,1.28145,3,1,5,6,4,2
-0.41634,-0.48724,-1.30559,-0.27233,-0.83446,1.01530,5,1,4,6,3,2
-0.41207,-0.48724,-1.30559,-0.27233,-0.83446,1.22736,4,1,5,6,3,2
-0.41663,-0.48724,-1.30559,-0.27233,-0.83446,0.20689,4,1,5,6,3,2
-0.40984,0.04872,-0.47618,-0.27233,-0.26489,-0.38803,3,1,4,5,6,2
-0.40330,0.04872,-0.47618,-0.27233,-0.26489,-0.16031,2,1,4,5,6,3
-0.39554,0.04872,-0.47618,-0.27233,-0.26489,-0.93029,1,2,4,5,6,3
-0.40033,0.04872,-0.47618,-0.27233,-0.26489,-0.39941,2,1,4,5,6,3
-0.39396,0.04872,-0.47618,-0.27233,-0.26489,0.13146,2,1,4,5,6,3
-0.40645,0.04872,-0.47618,-0.27233,-0.26489,-0.39230,2,1,4,5,6,3
-0.40920,0.04872,-0.47618,-0.27233,-0.26489,-0.56309,5,1,3,4,6,2
-0.34689,-0.48724,-0.43683,-0.27233,-0.14408,-0.47769,4,3,6,5,1,2
-0.34593,-0.48724,-0.43683,-0.27233,-0.14408,-0.26847,2,3,6,5,1,4
-0.34716,-0.48724,-0.43683,-0.27233,-0.14408,-0.64137,4,3,6,5,1,2
-0.29757,-0.48724,-0.43683,-0.27233,-0.14408,-0.49762,6,2,5,4,1,3
-0.32893,-0.48724,-0.43683,-0.27233,-0.14408,-0.41934,2,4,6,5,1,3
-0.32678,-0.48724,-0.43683,-0.27233,-0.14408,-1.17935,6,2,4,3,1,5
-0.33572,-0.48724,-0.43683,-0.27233,-0.14408,-0.79365,3,4,6,5,1,2
-0.27457,-0.48724,-0.43683,-0.27233,-0.14408,-1.01710,2,4,6,5,1,3
-0.32105,-0.48724,-0.43683,-0.27233,-0.14408,-0.45492,2,4,6,5,1,3
-0.27682,-0.48724,-0.43683,-0.27233,-0.14408,-0.20300,2,4,6,5,1,3
-0.30519,-0.48724,-0.43683,-0.27233,-0.14408,-0.67125,2,4,6,5,1,3
-0.33288,-0.48724,-0.43683,-0.27233,-0.14408,-0.51327,2,4,6,5,1,3
-0.32238,-0.48724,-0.43683,-0.27233,-0.14408,-0.97583,2,3,6,5,1,4
-0.34199,-0.48724,-0.43683,-0.27233,-0.14408,-0.67125,2,3,6,5,1,4
-0.30899,-0.48724,-0.43683,-0.27233,-0.14408,-0.33821,2,3,6,5,1,4
-0.33024,-0.48724,-0.43683,-0.27233,-0.14408,0.29940,2,4,6,5,1,3
-0.30356,-0.48724,-0.43683,-0.27233,-0.14408,0.55417,2,4,6,5,1,3
-0.28864,-0.48724,-0.43683,-0.27233,-0.14408,-0.81358,2,3,6,5,1,4
-0.26260,-0.48724,-0.43683,-0.27233,-0.14408,-0.30263,2,4,6,5,1,3
-0.25874,-0.48724,-0.43683,-0.27233,-0.14408,-0.47627,2,3,5,4,1,6
-0.28621,-0.48724,-0.43683,-0.27233,-0.14408,-0.83066,2,4,6,5,1,3
-0.23260,-0.48724,-0.43683,-0.27233,-0.14408,-0.26847,2,3,5,4,1,6
-0.41264,-0.48724,-0.75459,-0.27233,-0.48064,-0.50046,3,4,5,6,2,1
-0.40877,-0.48724,-0.75459,-0.27233,-0.48064,-0.63140,4,3,5,6,1,2
-0.41079,-0.48724,-0.75459,-0.27233,-0.48064,-0.61859,6,3,4,5,2,1
-0.39975,-0.48724,-0.75459,-0.27233,-0.48064,-0.45350,6,3,4,5,2,1
-0.41689,2.72855,-1.19335,-0.27233,-1.09335,0.44173,6,1,4,5,3,2
-0.41620,2.72855,-1.19335,-0.27233,-1.09335,1.05230,6,1,4,5,3,2
-0.40529,-0.48724,-0.61612,-0.27233,-0.92076,0.69080,6,1,4,5,3,2
-0.40365,-0.48724,-0.61612,-0.27233,-0.92076,-0.16458,6,1,4,5,3,2
-0.40158,-0.48724,-0.61612,-0.27233,-0.92076,-0.10480,6,1,4,5,3,2
-0.40584,-0.48724,-0.61612,-0.27233,-0.92076,-0.30690,5,1,4,6,3,2
-0.40017,-0.48724,-0.61612,-0.27233,-0.92076,-0.85770,6,1,4,5,3,2
-0.39820,-0.48724,-0.61612,-0.27233,-0.92076,-0.70968,6,1,4,5,3,2
-0.39345,-0.48724,-0.61612,-0.27233,-0.92076,-0.36241,2,1,5,6,4,3
-0.39059,-0.48724,-0.61612,-0.27233,-0.92076,-1.26048,2,1,5,6,4,3
-0.39455,-0.48724,-0.61612,-0.27233,-0.92076,-0.97156,3,1,5,6,4,2
-0.40979,0.41318,-0.80124,-0.27233,-0.99842,-0.45777,5,1,3,6,4,2
-0.41506,0.41318,-0.80124,-0.27233,-0.99842,-0.24143,3,1,4,6,5,2
-0.41387,0.41318,-0.80124,-0.27233,-0.99842,0.32218,6,1,3,5,4,2
-0.41431,0.41318,-0.80124,-0.27233,-0.99842,-0.40795,6,1,3,5,4,2
-0.41852,2.72855,-1.04029,-0.27233,-1.24869,-0.56451,5,1,6,4,2,3
-0.41858,3.37170,-1.44552,-0.27233,-1.30910,1.37253,6,1,4,5,3,2
-0.41771,3.15732,-1.51549,-0.27233,-1.24869,0.14000,6,1,5,4,3,2
-0.41844,3.80047,-1.43094,-0.27233,-1.24006,0.75627,5,1,3,4,6,2
-0.40215,0.58469,-0.87558,-0.27233,-0.87761,-0.19874,6,1,4,5,2,3
-0.40810,0.58469,-0.87558,-0.27233,-0.87761,-0.50900,6,1,4,5,2,3
-0.40274,0.58469,-0.87558,-0.27233,-0.87761,-0.77373,4,1,5,6,2,3
-0.40014,0.58469,-0.87558,-0.27233,-0.87761,-0.45350,2,1,5,6,3,4
-0.40728,0.58469,-0.87558,-0.27233,-0.87761,0.24390,4,1,5,6,2,3
-0.40540,0.58469,-0.87558,-0.27233,-0.87761,0.67941,6,1,4,5,2,3
-0.41783,0.26311,-1.42220,-0.27233,-1.19605,1.16616,4,1,5,6,3,2
-0.41594,2.94293,-1.13213,-0.27233,-1.35225,0.00764,6,1,4,3,5,2
-0.41501,2.94293,-1.13213,-0.27233,-1.35225,-0.70826,6,1,4,3,5,2
-0.41337,0.04872,-0.73856,-0.27233,-1.25732,-0.57874,6,1,5,4,3,2
-0.40434,0.04872,-0.73856,-0.27233,-1.25732,-0.98295,6,1,5,4,3,2
-0.40520,0.04872,-0.73856,-0.27233,-1.25732,-0.56878,6,1,5,4,3,2
-0.40984,-0.48724,-0.04763,-0.27233,-1.22280,0.18839,6,1,5,4,2,3
-0.40165,-0.48724,-0.04763,-0.27233,-1.22280,-0.46061,6,1,5,4,2,3
-0.40945,-0.48724,-0.04763,-0.27233,-1.22280,-0.31260,6,1,5,4,3,2
-0.39739,-0.48724,-0.04763,-0.27233,-1.22280,-0.05641,6,1,5,4,2,3
-0.41092,-0.48724,0.24681,-0.27233,-1.01568,-0.01656,6,2,5,4,3,1
-0.40904,-0.48724,0.24681,-0.27233,-1.01568,0.00194,6,1,5,4,3,2
-0.40830,-0.48724,0.24681,-0.27233,-1.01568,-0.00802,1,3,6,5,4,2
-0.40998,-0.48724,0.24681,-0.27233,-1.01568,-0.20585,6,2,5,4,3,1
-0.41354,-0.48724,0.24681,-0.27233,-1.01568,-0.07491,6,1,5,4,3,2
-0.41035,-0.48724,0.24681,-0.27233,-1.01568,-0.58444,6,2,5,4,3,1
-0.41532,0.58469,-0.91494,-0.27233,-1.11061,0.62960,6,1,4,5,3,2
-0.41491,0.58469,-0.91494,-0.27233,-1.11061,0.47589,4,1,5,6,3,2
-0.41585,0.58469,-0.91494,-0.27233,-1.11061,0.02472,6,1,4,5,3,2
-0.41597,0.58469,-0.91494,-0.27233,-1.11061,-0.16742,6,1,4,5,3,2
-0.41422,-0.48724,-0.96887,-0.27233,-0.91213,0.14854,4,1,5,6,3,2
-0.41343,-0.48724,-0.96887,-0.27233,-0.91213,0.49154,4,2,5,6,3,1
-0.41407,-0.48724,-0.96887,-0.27233,-0.91213,-0.38376,5,2,4,6,3,1
-0.41179,-0.48724,-0.96887,-0.27233,-0.91213,-0.23289,4,3,5,6,2,1
-0.41352,-0.48724,-1.12630,-0.27233,-0.56694,1.02811,1,3,6,5,4,2
-0.41394,-0.48724,-1.12630,-0.27233,-0.56694,1.13058,3,2,6,5,4,1
-0.41466,-0.48724,-1.12630,-0.27233,-0.56694,0.18839,2,4,6,5,3,1
-0.41553,-0.48724,-1.12630,-0.27233,-0.56694,0.17131,2,4,6,5,3,1
-0.41522,0.71332,0.56895,-0.27233,-0.78268,0.22397,4,2,5,6,3,1
-0.41676,0.71332,0.56895,-0.27233,-0.78268,-0.10480,6,2,4,5,3,1
-0.41511,0.71332,0.56895,-0.27233,-0.78268,-0.05072,2,3,5,6,4,1
-0.40591,-0.48724,-1.20209,-0.27233,-0.94665,0.48443,4,2,6,5,3,1
-0.40673,-0.48724,-1.20209,-0.27233,-0.94665,-0.17312,2,3,6,5,4,1
-0.40605,-0.48724,-1.20209,-0.27233,-0.94665,2.53960,2,3,6,5,4,1
-0.41058,-0.48724,-1.20209,-0.27233,-0.94665,2.18521,6,2,5,4,3,1
-0.41213,-0.48724,-1.20209,-0.27233,-0.94665,1.61022,4,2,6,5,3,1
-0.40282,-0.48724,-0.37560,-0.27233,-0.29941,0.62960,3,5,6,4,1,2
-0.40681,-0.48724,-0.37560,-0.27233,-0.29941,0.70645,3,5,6,4,1,2
-0.39351,-0.48724,-0.37560,-0.27233,-0.29941,0.17131,2,4,5,3,1,6
-0.39550,-0.48724,-0.37560,-0.27233,-0.29941,-0.21012,2,5,6,4,1,3
-0.40387,-0.48724,-0.37560,-0.27233,-0.29941,-0.16742,2,6,5,4,1,3
-0.40468,-0.48724,-0.37560,-0.27233,-0.29941,-0.61717,2,6,5,4,1,3
-0.40020,-0.48724,-0.37560,-0.27233,-0.29941,-0.63852,2,6,5,4,1,3
-0.40485,-0.48724,-0.37560,-0.27233,-0.29941,-0.22435,2,6,5,4,1,3
-0.40522,-0.48724,-0.37560,-0.27233,-0.29941,0.26952,2,6,5,4,1,3
-0.38945,-0.48724,-0.37560,-0.27233,-0.29941,-0.07918,2,6,5,4,1,3
-0.40755,-0.48724,-0.37560,-0.27233,-0.29941,-0.12757,5,4,6,3,1,2
-0.40838,-0.48724,-0.16425,-0.27233,-0.06641,0.61252,1,6,5,3,4,2
-0.40577,-0.48724,-0.16425,-0.27233,-0.06641,-0.52893,1,6,5,3,4,2
-0.39428,-0.48724,-0.16425,-0.27233,-0.06641,-0.27417,1,6,5,3,4,2
-0.40356,-0.48724,-0.16425,-0.27233,-0.06641,-0.04360,1,6,5,3,4,2
-0.40018,-0.48724,-0.16425,-0.27233,-0.06641,-0.50758,1,6,5,2,4,3
-0.40480,-0.48724,-0.16425,-0.27233,-0.06641,-0.15461,3,6,5,2,4,1
-0.40255,-0.48724,-0.16425,-0.27233,-0.06641,-0.37522,1,6,5,3,4,2
-0.40492,-0.48724,-0.16425,-0.27233,-0.06641,-0.58728,1,6,5,2,4,3
-0.40327,-0.48724,-0.16425,-0.27233,-0.06641,-0.78796,3,6,5,2,4,1
-0.41208,-0.48724,2.11552,-0.27233,0.22701,-0.59013,3,4,5,6,2,1
-0.41177,-0.48724,2.11552,-0.27233,0.22701,-0.39941,1,4,5,6,2,3
-0.40929,-0.48724,2.11552,-0.27233,0.22701,-0.46061,1,4,5,6,2,3
-0.40262,-0.48724,2.11552,-0.27233,0.22701,-0.61005,1,5,4,6,2,3
-0.40865,-0.48724,2.11552,-0.27233,0.22701,-0.57732,1,4,5,6,2,3
-0.40045,-0.48724,2.11552,-0.27233,0.22701,-0.42503,1,4,5,6,3,2
-0.37507,-0.48724,2.11552,-0.27233,0.22701,-0.95590,1,5,4,6,2,3
-0.38997,-0.48724,1.56744,-0.27233,0.59809,-0.84204,2,6,5,4,1,3
-0.38227,-0.48724,1.56744,-0.27233,0.59809,0.20832,2,6,5,4,1,3
-0.31765,-0.48724,1.56744,-0.27233,0.59809,-0.92175,2,6,5,4,1,3
-0.38057,-0.48724,1.56744,-0.27233,0.59809,0.24674,2,6,5,4,1,3
-0.28141,-0.48724,1.56744,-0.27233,0.59809,0.05887,2,6,5,4,1,3
-0.35150,-0.48724,1.56744,-0.27233,0.59809,0.12434,2,6,5,4,1,3
-0.38176,-0.48724,1.56744,-0.27233,0.59809,-0.65844,2,5,6,4,1,3
-0.30661,-0.48724,1.56744,-0.27233,0.59809,-0.75096,2,5,4,3,1,6
-0.35526,-0.48724,1.56744,-0.27233,0.59809,0.07168,2,6,5,4,1,3
-0.38259,-0.48724,1.56744,-0.27233,0.59809,-0.48765,2,6,5,4,1,3
-0.37914,-0.48724,1.56744,-0.27233,0.59809,0.24105,2,6,5,4,1,3
-0.39106,-0.48724,1.56744,-0.27233,0.59809,-0.60863,2,6,5,4,1,3
-0.35680,-0.48724,1.56744,-0.27233,0.59809,-0.19020,2,6,5,4,1,3
-0.38628,-0.48724,1.56744,-0.27233,0.59809,-0.15746,2,6,5,4,1,3
-0.23076,-0.48724,1.56744,-0.27233,0.59809,-1.80131,2,6,5,4,1,3
-0.03400,-0.48724,1.23073,3.66477,2.72965,-1.25479,1,5,4,3,6,2
0.05626,-0.48724,1.23073,-0.27233,2.72965,-1.16228,1,5,4,3,6,2
-0.09693,-0.48724,1.23073,-0.27233,2.72965,-1.96641,1,5,4,3,6,2
-0.14348,-0.48724,1.23073,-0.27233,2.72965,-0.22008,1,4,3,2,5,6
-0.16956,-0.48724,1.23073,-0.27233,2.72965,-0.93456,1,4,3,2,5,6
-0.14473,-0.48724,1.23073,-0.27233,2.72965,-1.93368,1,5,4,3,6,2
-0.14911,-0.48724,1.23073,-0.27233,2.72965,-1.56363,1,5,4,3,6,2
-0.10226,-0.48724,1.23073,-0.27233,2.72965,-0.97868,1,5,4,2,6,3
-0.22751,-0.48724,1.23073,-0.27233,2.72965,-0.23147,1,5,4,3,6,2
-0.24614,-0.48724,1.23073,-0.27233,2.72965,-1.25336,1,5,4,2,6,3
-0.28913,-0.48724,1.23073,3.66477,2.72965,-1.81128,1,5,4,2,6,3
-0.17024,-0.48724,1.23073,-0.27233,2.72965,-0.81927,1,4,3,2,6,5
-0.25573,-0.48724,1.23073,3.66477,2.72965,-0.22151,1,5,4,2,6,3
-0.00913,-0.48724,1.23073,3.66477,2.72965,-0.18877,1,4,3,2,5,6
-0.13566,-0.48724,1.23073,-0.27233,2.72965,-1.44123,1,4,3,2,5,6
-0.27785,-0.48724,1.23073,-0.27233,0.43412,0.93702,1,5,4,3,6,2
-0.26399,-0.48724,1.23073,-0.27233,0.43412,-0.31117,1,5,4,3,6,2
-0.25443,-0.48724,1.23073,-0.27233,2.72965,0.32075,1,5,4,3,6,2
-0.27205,-0.48724,1.23073,3.66477,0.43412,-0.04929,1,5,4,2,6,3
-0.24997,-0.48724,1.23073,-0.27233,0.43412,1.71411,1,5,4,3,6,2
-0.20691,-0.48724,1.23073,3.66477,0.43412,2.15959,1,5,4,3,6,2
-0.24350,-0.48724,1.23073,3.66477,0.43412,2.97511,1,5,4,3,6,2
-0.15941,-0.48724,1.23073,-0.27233,0.43412,-0.61290,1,5,4,3,6,2
-0.08016,-0.48724,1.23073,-0.27233,0.43412,-0.26136,1,4,3,2,6,5
-0.18640,-0.48724,1.23073,-0.27233,0.43412,2.34034,1,5,4,3,6,2
-0.21080,-0.48724,1.23073,-0.27233,0.43412,-0.58017,1,4,3,2,6,5
-0.15266,-0.48724,1.23073,-0.27233,0.43412,0.04891,1,5,3,2,6,4
-0.13532,-0.48724,1.23073,-0.27233,0.43412,0.16704,1,5,4,2,6,3
-0.27973,-0.48724,1.23073,-0.27233,0.43412,-0.58301,1,4,3,2,6,5
-0.15109,-0.48724,1.23073,-0.27233,0.43412,-0.57590,1,5,4,2,6,3
-0.40393,-0.48724,-1.03301,-0.27233,-0.38571,-1.01426,1,4,3,5,6,2
-0.40943,-0.48724,-1.03301,-0.27233,-0.38571,0.18697,1,4,3,5,6,2
-0.41028,-0.48724,-1.03301,-0.27233,-0.38571,-0.60578,2,3,4,5,6,1
-0.41235,-0.48724,-1.03301,-0.27233,-0.38571,0.37199,6,2,3,4,5,1
-0.41194,-0.48724,-1.03301,-0.27233,-0.38571,-0.37664,5,2,3,4,6,1
-0.41380,-0.48724,-1.03301,-0.27233,-0.38571,0.04322,2,3,4,5,6,1
-0.41238,-0.48724,-1.03301,-0.27233,-0.38571,0.81889,2,3,4,5,6,1
-0.41338,-0.48724,-1.26477,-0.27233,-0.57556,0.98968,3,4,5,6,2,1
-0.41244,-0.48724,-1.26477,-0.27233,-0.57556,2.10693,1,4,5,6,3,2
-0.41209,-0.48724,-1.26477,-0.27233,-0.57556,-0.20016,2,4,5,6,3,1
-0.40952,-0.48724,-1.26477,-0.27233,-0.57556,1.23875,1,4,5,6,3,2
-0.40847,-0.48724,-1.26477,-0.27233,-0.57556,0.39618,1,4,5,6,3,2
-0.41044,-0.48724,-1.26477,-0.27233,-0.57556,-0.96871,1,4,5,6,3,2
-0.41307,-0.48724,-1.26477,-0.27233,-0.57556,-0.18735,2,3,5,6,4,1
-0.41359,-0.48724,-1.26477,-0.27233,-0.57556,2.20087,4,2,5,6,3,1
-0.41095,1.44223,-1.12192,-0.27233,-1.01568,0.70788,5,2,4,3,6,1
-0.40548,1.44223,-1.12192,-0.27233,-1.01568,0.38622,5,1,4,3,6,2
-0.41037,1.44223,-1.12192,-0.27233,-1.01568,1.28145,5,2,4,3,6,1
-0.40956,1.44223,-1.12192,-0.27233,-1.01568,0.94841,6,1,4,3,5,2
-0.41207,1.44223,-1.12192,-0.27233,-1.01568,0.64668,5,1,4,3,6,2
-0.41003,1.44223,-1.12192,-0.27233,-1.01568,1.27148,5,1,4,3,6,2
-0.41756,2.08539,-1.19626,-0.27233,-1.32636,0.73349,6,1,4,3,5,2
-0.41843,2.08539,-1.19626,-0.27233,-1.32636,0.45454,6,1,4,3,5,2
-0.41850,2.94293,-1.55630,-0.27233,-1.14513,2.26349,5,1,3,4,6,2
-0.41544,2.94293,-1.40179,-0.27233,-1.30047,1.42662,5,1,4,3,6,2
-0.41468,2.94293,-1.40179,-0.27233,-1.30047,1.17043,5,1,4,3,6,2
-0.41572,2.94293,-1.40179,-0.27233,-1.30047,1.40812,5,1,4,3,6,2
-0.41644,3.58609,-1.40908,-0.27233,-1.30910,0.98256,6,1,5,3,4,2
-0.41804,3.58609,-1.40908,-0.27233,-1.30910,1.21028,6,1,5,3,4,2
-0.41610,3.05012,-1.32745,-0.27233,-1.20554,-0.17454,5,1,4,3,6,2
-0.41757,3.05012,-1.32745,-0.27233,-1.20554,1.88633,6,1,4,3,5,2
-0.41602,3.58609,-1.23270,-0.27233,-1.19605,2.23218,5,1,3,4,6,2
-0.41777,3.58609,-1.23270,-0.27233,-1.19605,2.48979,5,1,3,4,6,2
-0.40424,-0.48724,-0.07970,-0.27233,-0.56694,-0.56024,6,2,4,5,3,1
-0.39340,-0.48724,-0.07970,-0.27233,-0.56694,0.05887,4,2,5,6,3,1
-0.39081,-0.48724,-0.07970,-0.27233,-0.56694,-0.71395,3,2,5,6,4,1
-0.40431,-0.48724,-0.07970,3.66477,-0.56694,-0.31402,4,2,5,6,3,1
-0.36945,-0.48724,-0.07970,3.66477,-0.56694,-1.33876,1,4,5,6,3,2
-0.39982,-0.48724,-0.07970,3.66477,-0.56694,-0.46204,1,4,5,6,3,2
-0.37641,-0.48724,-0.07970,3.66477,-0.56694,-1.25336,1,4,5,6,3,2
-0.39485,-0.48724,-0.07970,3.66477,-0.56694,-0.67979,4,3,5,6,2,1
-0.40377,-0.48724,-0.07970,-0.27233,-0.56694,0.12861,6,2,4,5,3,1
-0.38644,-0.48724,-0.07970,-0.27233,-0.56694,-1.24198,6,3,4,5,1,2
-0.39708,-0.48724,-0.07970,-0.27233,-0.56694,-0.14607,6,2,4,5,3,1
-0.41480,-0.48724,0.40132,3.66477,-0.04052,-0.56451,3,2,4,5,6,1
-0.41195,-0.48724,0.40132,-0.27233,-0.04052,0.50862,1,3,4,5,6,2
-0.40723,-0.48724,0.40132,3.66477,-0.04052,-0.47485,1,3,4,5,6,2
-0.40682,-0.48724,0.40132,3.66477,-0.04052,0.12577,1,3,4,5,6,2
-0.37847,-0.48724,-0.71961,3.66477,-0.41160,0.94841,1,4,3,6,5,2
-0.37270,-0.48724,-0.71961,3.66477,-0.41160,-0.17169,1,4,3,6,5,2
-0.34761,-0.48724,-0.71961,3.66477,-0.41160,0.84593,2,4,3,6,5,1
-0.34864,-0.48724,-0.71961,-0.27233,-0.41160,0.47446,2,4,3,6,5,1
-0.38344,-0.48724,-0.71961,-0.27233,-0.43749,2.81998,1,4,3,6,5,2
-0.35884,-0.48724,-0.71961,-0.27233,-0.43749,3.47325,1,4,3,6,5,2
-0.37568,-0.48724,-0.71961,-0.27233,-0.43749,2.49832,1,4,3,6,5,2
-0.37216,-0.48724,-0.71961,-0.27233,-0.43749,1.25013,1,4,3,6,5,2
-0.38544,-0.48724,-0.71961,-0.27233,-0.43749,1.99449,6,3,2,5,4,1
-0.36874,-0.48724,-0.71961,-0.27233,-0.43749,0.38053,6,3,2,5,4,1
-0.35767,-0.48724,-0.71961,-0.27233,-0.43749,-0.43215,2,3,4,6,5,1
-0.36628,-0.48724,-0.71961,-0.27233,-0.43749,1.60452,1,3,4,6,5,2
-0.35322,-0.48724,-0.71961,-0.27233,-0.41160,2.92103,2,3,4,6,5,1
-0.38157,-0.48724,-0.71961,-0.27233,-0.41160,2.79294,2,3,4,6,5,1
-0.36803,-0.48724,-0.71961,3.66477,-0.41160,0.62817,3,2,4,6,5,1
-0.38168,-0.48724,-0.71961,-0.27233,-0.41160,-0.28271,4,2,3,6,5,1
-0.35958,-0.48724,-0.71961,3.66477,-0.41160,0.49297,2,3,4,6,5,1
-0.36060,-0.48724,-0.71961,-0.27233,-0.41160,1.52767,3,2,4,6,5,1
-0.41052,0.79907,-0.90473,-0.27233,-1.09335,0.27948,6,1,3,4,5,2
-0.40935,0.79907,-0.90473,-0.27233,-1.09335,0.45738,6,1,3,4,5,2
-0.40693,0.79907,-0.90473,-0.27233,-1.09335,0.87155,4,1,3,5,6,2
-0.40776,0.79907,-0.90473,-0.27233,-1.09335,-0.26990,3,1,4,5,6,2
-0.40814,0.79907,-0.90473,-0.27233,-1.09335,0.10442,4,1,3,5,6,2
-0.40527,0.79907,-0.90473,-0.27233,-1.09335,0.15423,6,1,3,4,5,2
-0.39614,0.45606,-0.76917,-0.27233,-1.06746,-0.98437,3,1,5,6,2,4
-0.39786,0.45606,-0.76917,-0.27233,-1.06746,-0.96729,4,1,5,6,3,2
-0.38059,0.45606,-0.76917,-0.27233,-1.06746,-0.25140,6,1,4,5,3,2
-0.39725,0.45606,-0.76917,-0.27233,-1.06746,-0.08345,2,1,5,6,3,4
-0.40099,0.45606,-0.76917,-0.27233,-1.06746,0.21116,6,1,4,5,2,3
-0.39793,0.45606,-0.76917,-0.27233,-1.06746,0.61679,6,1,4,5,3,2
-0.40379,0.45606,-0.76917,-0.27233,-1.06746,0.28802,6,1,4,5,3,2
-0.39521,0.45606,-0.76917,-0.27233,-1.06746,0.21828,6,1,4,5,2,3
-0.41054,0.45606,-0.76917,-0.27233,-1.06746,0.95695,6,1,4,5,3,2
-0.37721,0.45606,-0.76917,-0.27233,-1.06746,2.81002,6,1,4,5,3,2
-0.41450,2.94293,-1.09277,-0.27233,-1.40402,-0.25140,6,1,5,3,4,2
-0.41598,2.94293,-1.09277,-0.27233,-1.40402,-0.58159,6,1,5,3,4,2
-0.41831,3.37170,-1.07673,-0.27233,-1.38677,1.66430,6,1,3,4,5,2
-0.34901,0.37030,-1.04467,-0.27233,0.79657,3.44336,1,5,3,4,6,2
-0.34296,0.37030,-1.04467,-0.27233,0.79657,1.49209,1,5,3,4,6,2
-0.34376,0.37030,-1.04467,-0.27233,0.79657,0.79327,1,4,3,5,6,2
-0.35731,0.37030,-1.04467,-0.27233,0.79657,1.30706,1,4,3,5,6,2
-0.35801,0.37030,-1.04467,-0.27233,0.79657,1.75823,1,4,3,5,6,2
-0.35963,0.37030,-1.04467,-0.27233,0.79657,3.00785,1,4,3,5,6,2
-0.32416,0.37030,-1.04467,-0.27233,0.79657,1.48355,1,4,3,5,6,2
-0.35615,0.37030,-1.04467,-0.27233,0.79657,1.31133,1,5,3,4,6,2
-0.33156,0.37030,-1.04467,-0.27233,0.79657,-1.03134,2,5,3,4,6,1
-0.32876,0.37030,-1.04467,-0.27233,0.79657,1.03807,1,4,3,5,6,2
-0.35287,0.37030,-1.04467,-0.27233,0.17523,2.86410,2,4,3,5,6,1
-0.35726,0.37030,-1.04467,-0.27233,0.17523,1.68707,4,2,3,5,6,1
-0.40956,0.37030,-0.60883,3.66477,-0.78268,-0.51897,4,3,5,6,2,1
-0.38532,0.37030,-0.60883,-0.27233,-0.78268,-0.61005,5,2,4,6,3,1
-0.40126,0.37030,-0.60883,-0.27233,-0.78268,-0.06353,6,2,4,5,3,1
-0.40678,0.37030,-0.60883,-0.27233,-0.78268,0.36060,4,3,5,6,2,1
-0.39431,0.37030,-0.60883,3.66477,-0.78268,2.00161,4,2,5,6,3,1
-0.41354,1.22785,-0.68900,3.66477,-0.92939,0.67372,6,2,4,5,3,1
-0.40894,1.22785,-0.68900,-0.27233,-0.92939,0.81035,6,2,4,5,3,1
-0.40793,1.22785,-0.68900,3.66477,-0.92939,1.39815,5,1,4,6,3,2
-0.41298,1.22785,-0.68900,3.66477,-0.92939,0.77050,6,1,4,5,3,2
-0.41083,1.22785,-0.68900,-0.27233,-0.92939,0.28090,6,2,4,5,3,1
-0.39564,0.37030,-1.13796,-0.27233,-0.96477,0.75057,5,2,3,4,6,1
-0.41594,0.37030,-1.13796,-0.27233,-0.96477,2.18521,3,1,4,5,6,2
-0.41579,0.37030,-1.13796,-0.27233,-0.96477,0.97260,4,1,3,5,6,2
-0.41298,0.37030,-1.13796,3.66477,-0.96477,1.93614,4,1,3,5,6,2
-0.41836,3.37170,-1.44698,3.66477,-1.32636,2.33180,5,1,3,4,6,2
-0.41905,3.37170,-1.19043,-0.27233,-1.33499,1.14339,6,1,4,3,5,2
-0.41883,1.87100,-1.29538,-0.27233,-1.42991,0.23963,5,1,4,3,6,2
-0.41782,2.94293,-1.36681,-0.27233,-1.46443,-0.07776,6,1,4,5,2,3
-0.41560,1.76381,-0.84788,-0.27233,-1.29184,-0.10765,6,1,3,4,5,2
-0.41477,1.76381,-0.84788,-0.27233,-1.29184,0.04322,5,1,3,4,6,2
-0.41511,1.76381,-0.84788,-0.27233,-1.29184,0.39903,6,1,3,4,5,2
-0.41603,2.94293,-0.90182,-0.27233,-1.24006,0.82031,6,1,4,5,3,2
-0.41093,2.94293,-0.90182,-0.27233,-1.24006,1.22879,6,1,4,5,3,2
-0.41590,2.94293,-0.90182,-0.27233,-1.24006,0.49154,6,1,4,5,3,2
-0.41049,-0.48724,0.40570,-0.27233,-1.01568,-0.22435,6,1,3,4,5,2
-0.41057,-0.48724,0.40570,-0.27233,-1.01568,-0.39230,5,1,3,4,6,2
-0.40507,-0.48724,0.40570,-0.27233,-1.01568,0.55986,6,1,3,4,5,2
-0.41386,-0.48724,0.40570,-0.27233,-1.01568,0.37626,3,1,4,5,6,2
-0.40371,-0.48724,0.40570,-0.27233,-1.01568,-0.70399,3,1,4,5,6,2
-0.41258,2.51416,-1.29684,-0.27233,-1.33499,0.08592,6,1,4,3,5,2
-0.41364,2.51416,-1.29684,-0.27233,-1.33499,1.07650,6,1,4,3,5,2
-0.41497,2.51416,-1.29684,-0.27233,-1.33499,0.83455,5,1,4,3,6,2
-0.41599,0.97058,-0.73564,-0.27233,-1.05020,0.43461,5,1,3,4,6,2
-0.40933,0.97058,-0.73564,-0.27233,-1.05020,0.29940,6,1,3,4,5,2
-0.40848,0.97058,-0.73564,-0.27233,-1.05020,0.99253,6,1,3,4,5,2
-0.41369,0.92771,-1.30559,-0.27233,-0.71364,1.35403,5,2,4,6,3,1
-0.41373,0.92771,-1.30559,-0.27233,-0.71364,0.47162,5,3,4,6,2,1
-0.41138,0.92771,-1.30559,-0.27233,-0.71364,1.61591,2,5,4,6,3,1
-0.41437,0.92771,-1.30559,-0.27233,-0.71364,0.80323,2,4,5,6,3,1
-0.36279,-0.48724,-0.18028,-0.27233,-0.09230,0.49866,1,4,6,5,3,2
-0.37948,-0.48724,-0.18028,-0.27233,-0.09230,-0.44496,2,4,6,5,3,1
-0.11371,-0.48724,-0.18028,-0.27233,-0.09230,-1.86678,6,3,5,4,1,2
-0.32821,-0.48724,-0.18028,-0.27233,-0.09230,-0.23147,4,3,6,5,2,1
-0.38968,-0.48724,-0.18028,-0.27233,-0.09230,-0.37237,1,4,6,5,3,2
-0.38878,-0.48724,-0.18028,-0.27233,-0.09230,-0.02652,1,4,6,5,3,2
-0.37718,-0.48724,-0.18028,-0.27233,-0.09230,0.40188,1,4,6,5,3,2
-0.39062,-0.48724,-0.18028,-0.27233,-0.09230,-0.82497,2,3,6,5,4,1
-0.38310,-0.48724,-0.18028,-0.27233,-0.09230,-0.52751,1,3,6,5,4,2
-0.39159,-0.48724,-0.18028,-0.27233,-0.09230,-0.71537,3,2,6,5,4,1
-0.37336,-0.48724,-0.18028,-0.27233,-0.09230,0.13858,3,4,6,5,2,1
-0.36482,-0.48724,-0.18028,-0.27233,-0.09230,-0.24428,4,2,6,5,3,1
-0.40062,-0.48724,-0.54761,-0.27233,-0.53242,0.20120,5,3,4,6,1,2
-0.39899,-0.48724,-0.54761,-0.27233,-0.53242,0.13004,4,3,5,6,1,2
-0.37928,-0.48724,-0.54761,-0.27233,-0.53242,-0.34675,5,3,4,6,1,2
-0.38709,-0.48724,-0.54761,-0.27233,-0.53242,-0.82070,4,2,5,6,1,3
-0.38045,-0.48724,-0.54761,-0.27233,-0.53242,0.18554,6,3,4,5,1,2
-0.39780,-0.48724,-0.54761,-0.27233,-0.53242,0.20832,6,1,4,5,2,3
-0.38482,-0.48724,-0.54761,-0.27233,-0.53242,0.03895,6,1,4,5,2,3
-0.39208,-0.48724,-0.54761,-0.27233,-0.53242,-0.28698,6,1,4,5,2,3
-0.41241,-0.48724,-1.15108,-0.27233,-0.81720,-0.59298,6,1,4,3,5,2
-0.41228,-0.48724,-1.15108,-0.27233,-0.81720,0.06884,6,1,4,3,5,2
-0.41482,-0.48724,-1.15108,-0.27233,-0.81720,-0.20016,6,1,4,3,5,2
-0.41426,1.01346,-0.74002,-0.27233,-1.00792,-0.82354,6,1,5,3,4,2
-0.41607,1.01346,-0.74002,-0.27233,-1.00792,-0.36099,6,1,5,3,4,2
-0.41419,-0.48724,-0.86683,-0.27233,-0.34256,0.04464,5,1,4,6,2,3
-0.41576,-0.48724,-0.86683,-0.27233,-0.34256,0.03610,5,1,4,6,2,3
-0.41550,-0.48724,-0.86683,-0.27233,-0.34256,-0.35245,6,1,4,5,2,3
-0.41612,-0.48724,-0.86683,-0.27233,-0.34256,-0.59155,5,2,4,6,1,3
-0.41657,-0.48724,-0.86683,-0.27233,-0.34256,-0.55455,4,1,5,6,2,3
-0.41626,-0.48724,-0.86683,-0.27233,-0.34256,-0.32113,6,2,4,5,1,3
-0.41371,-0.48724,-0.86683,-0.27233,-0.34256,-0.42646,5,2,4,6,1,3
-0.41295,-0.48724,-0.86683,-0.27233,-0.34256,-0.45065,4,2,5,6,1,3
-0.41859,1.01346,-1.40179,-0.27233,-0.97254,1.36115,3,1,5,4,6,2
-0.41720,-0.48724,-1.34786,-0.27233,-0.31667,0.36345,4,1,5,3,6,2
-0.41715,1.87100,-1.07236,-0.27233,-0.61008,0.58548,5,1,6,3,4,2
-0.41656,1.87100,-1.07236,-0.27233,-0.61008,0.83882,6,1,5,3,4,2
-0.41648,-0.48724,-0.98345,-0.27233,-0.97254,-0.38518,5,1,6,4,3,2
-0.41294,-0.48724,-0.98345,-0.27233,-0.97254,-0.55028,5,1,6,4,2,3
-0.41793,3.15732,-1.01843,-0.27233,-1.08472,0.32929,6,1,5,4,3,2
-0.41836,2.94293,-1.33037,-0.27233,-1.03294,0.49866,6,1,3,5,4,2
-0.41673,1.22785,-1.44115,-0.27233,-1.08472,0.93133,6,1,5,4,2,3
-0.41288,1.22785,-1.44115,-0.27233,-1.08472,0.29229,5,1,6,4,2,3
-0.41086,2.08539,-1.37701,-0.27233,-1.24006,0.41896,6,1,5,3,4,2
-0.41168,2.08539,-1.37701,-0.27233,-1.24006,-0.57020,6,1,5,3,4,2
-0.41812,3.37170,-1.32891,-0.27233,-1.24869,0.63102,5,1,3,6,4,2
-0.41510,2.94293,-1.34494,-0.27233,-1.22280,-0.88474,6,1,5,4,2,3
-0.40771,2.94293,-1.34494,-0.27233,-1.22280,-0.49619,6,1,5,4,2,3
0.62424,-0.48724,1.01500,3.66477,1.85804,-0.10338,3,6,1,2,4,5
0.02746,-0.48724,1.01500,3.66477,1.85804,0.15708,4,6,1,2,3,5
0.18465,-0.48724,1.01500,3.66477,1.85804,-0.22435,4,6,1,2,3,5
0.07531,-0.48724,1.01500,-0.27233,1.85804,-0.24570,4,6,1,2,3,5
0.10793,-0.48724,1.01500,-0.27233,1.85804,0.16135,4,6,1,2,3,5
0.02596,-0.48724,1.01500,-0.27233,1.85804,-0.04787,4,6,1,2,3,5
0.00752,-0.48724,1.01500,-0.27233,1.85804,-1.31314,3,6,1,2,4,5
0.07079,-0.48724,1.01500,3.66477,1.85804,-0.68549,4,6,1,2,3,5
-0.01619,-0.48724,1.01500,3.66477,1.40929,3.55153,4,6,1,2,3,5
0.10956,-0.48724,1.01500,-0.27233,1.40929,-3.87641,4,6,1,2,3,5
0.00970,-0.48724,1.01500,-0.27233,1.40929,-1.88102,3,6,1,2,4,5
1.15197,-0.48724,1.01500,-0.27233,0.65850,-3.44659,3,5,1,2,4,6
0.14936,-0.48724,1.01500,-0.27233,0.65850,-1.87105,3,6,1,2,4,5
0.23908,-0.48724,1.01500,3.66477,0.65850,0.56697,3,6,1,2,4,5
0.34008,-0.48724,1.01500,3.66477,0.65850,1.04092,3,6,1,2,4,5
0.65323,-0.48724,1.01500,-0.27233,0.65850,-0.09768,3,6,1,2,4,5
0.54103,-0.48724,1.01500,3.66477,0.97780,-0.58301,4,6,1,2,3,5
0.87131,-0.48724,1.01500,-0.27233,0.97780,-1.96214,3,6,1,2,4,5
1.73047,-0.48724,1.01500,-0.27233,0.97780,-3.05520,3,6,1,2,4,5
1.85962,-0.48724,1.01500,-0.27233,1.00369,1.46362,3,6,1,2,4,5
1.35725,-0.48724,1.01500,-0.27233,1.00369,0.51858,3,6,1,2,4,5
0.72196,-0.48724,1.01500,-0.27233,1.00369,0.72496,3,6,1,2,4,5
2.32920,-0.48724,1.01500,-0.27233,1.00369,0.13573,3,6,1,2,4,5
1.65705,-0.48724,1.01500,-0.27233,1.00369,-0.08772,3,6,1,2,4,5
9.92411,-0.48724,1.01500,-0.27233,1.00369,0.97260,3,6,1,2,4,5
1.42543,-0.48724,1.01500,-0.27233,1.00369,0.37057,3,6,1,2,4,5
0.64797,-0.48724,1.01500,-0.27233,1.25395,-1.06549,3,6,1,2,4,5
0.50909,-0.48724,1.01500,-0.27233,1.25395,-1.08827,3,6,1,2,4,5
1.91493,-0.48724,1.01500,-0.27233,1.25395,-2.72785,4,6,1,2,3,5
1.53441,-0.48724,1.01500,-0.27233,1.25395,-1.43412,3,6,1,2,4,5
2.41588,-0.48724,1.01500,-0.27233,1.25395,-2.32365,3,6,1,2,4,5
2.20700,-0.48724,1.01500,-0.27233,1.25395,-1.82836,4,6,1,2,3,5
1.24631,-0.48724,1.01500,-0.27233,1.25395,-1.99915,3,6,1,2,4,5
0.52761,-0.48724,1.01500,-0.27233,1.25395,-1.27329,3,6,1,2,4,5
0.38931,-0.48724,1.01500,-0.27233,1.25395,-0.81358,3,6,1,2,4,5
0.19526,-0.48724,1.01500,-0.27233,1.25395,-0.33252,4,6,1,2,3,5
0.92592,-0.48724,1.01500,-0.27233,1.25395,-1.77712,3,6,1,2,4,5
0.58492,-0.48724,1.01500,-0.27233,1.19354,-0.13042,3,6,1,2,4,5
1.13308,-0.48724,1.01500,-0.27233,1.19354,-0.56593,3,6,1,2,4,5
0.59329,-0.48724,1.01500,-0.27233,1.19354,0.26525,3,6,1,2,4,5
0.26257,-0.48724,1.01500,-0.27233,1.19354,0.17131,3,6,1,2,4,5
0.47183,-0.48724,1.01500,-0.27233,1.19354,-0.76519,3,6,1,2,4,5
4.03861,-0.48724,1.01500,-0.27233,1.19354,-1.18362,3,6,1,2,4,5
0.73278,-0.48724,1.01500,-0.27233,1.19354,-0.61575,4,6,1,2,3,5
2.49171,-0.48724,1.01500,-0.27233,1.19354,-0.42361,3,6,1,2,4,5
1.23497,-0.48724,1.01500,-0.27233,1.19354,0.08307,3,6,1,2,4,5
0.69548,-0.48724,1.01500,-0.27233,1.19354,0.16989,3,6,1,2,4,5
2.46330,-0.48724,1.01500,-0.27233,1.19354,-1.33164,3,6,1,2,4,5
4.40801,-0.48724,1.01500,-0.27233,1.19354,-1.07261,4,6,1,2,3,5
7.47625,-0.48724,1.01500,-0.27233,1.19354,-0.85628,3,6,1,2,4,5
1.98833,-0.48724,1.01500,-0.27233,0.90013,-3.05520,3,6,1,2,4,5
0.96931,-0.48724,1.01500,-0.27233,0.90013,-0.96302,3,6,1,2,4,5
0.44066,-0.48724,1.01500,-0.27233,0.36508,-0.95021,3,6,1,2,4,5
1.25847,-0.48724,1.01500,-0.27233,0.36508,0.80750,3,5,1,2,4,6
5.52485,-0.48724,1.01500,-0.27233,0.36508,-0.75096,3,5,1,2,4,6
1.21341,-0.48724,1.01500,-0.27233,0.36508,0.52997,3,5,1,2,4,6
1.76683,-0.48724,1.01500,-0.27233,0.36508,-2.35781,3,5,1,2,4,6
2.91137,-0.48724,1.01500,-0.27233,0.36508,-1.60775,3,5,1,2,4,6
4.89826,-0.48724,1.01500,-0.27233,1.19354,-2.51294,3,5,1,2,4,6
1.68238,-0.48724,1.01500,-0.27233,1.07273,0.21259,3,5,1,2,4,6
0.83946,-0.48724,1.01500,-0.27233,1.07273,0.70788,4,5,1,2,3,6
2.59571,-0.48724,1.01500,-0.27233,1.07273,-1.39569,4,5,1,2,3,6
8.12884,-0.48724,1.01500,-0.27233,1.07273,-0.46631,3,5,1,2,4,6
0.95318,-0.48724,1.01500,-0.27233,1.40929,0.76765,4,5,1,2,3,6
0.86890,-0.48724,1.01500,-0.27233,1.40929,0.17985,3,6,1,2,4,5
0.39633,-0.48724,1.01500,-0.27233,1.40929,-0.39657,3,6,1,2,4,5
0.98060,-0.48724,1.01500,-0.27233,0.51179,-0.90609,4,6,1,2,3,5
0.39957,-0.48724,1.01500,-0.27233,0.51179,-0.25851,4,5,1,2,3,6
0.60205,-0.48724,1.01500,-0.27233,0.25290,-1.02422,4,5,1,2,3,6
1.42379,-0.48724,1.01500,-0.27233,1.07273,-0.55312,3,5,1,2,4,6
1.00374,-0.48724,1.01500,-0.27233,0.25290,-0.63710,4,5,1,2,3,6
3.95840,-0.48724,1.01500,-0.27233,1.07273,-0.11761,4,5,1,2,3,6
0.43639,-0.48724,1.01500,-0.27233,1.07273,-0.13042,4,5,1,2,3,6
0.66562,-0.48724,1.01500,-0.27233,1.07273,0.13573,3,5,1,2,4,6
0.56718,-0.48724,1.01500,-0.27233,0.25290,0.09019,4,5,1,2,3,6
0.74972,-0.48724,1.01500,-0.27233,0.25290,0.78046,3,5,1,2,4,6
0.32907,-0.48724,1.01500,-0.27233,0.25290,0.19978,4,5,1,2,3,6
0.22874,-0.48724,1.01500,-0.27233,1.36614,0.21543,4,5,1,2,3,6
1.19745,-0.48724,1.01500,-0.27233,1.36614,-0.10907,3,5,1,2,4,6
0.87739,-0.48724,1.01500,-0.27233,1.59914,0.49012,3,5,1,2,4,6
1.25643,-0.48724,1.01500,-0.27233,1.59914,0.25101,3,5,1,2,4,6
1.34437,-0.48724,1.01500,-0.27233,1.59914,-0.18877,3,5,1,2,4,6
1.17009,-0.48724,1.01500,-0.27233,1.59914,-0.49762,4,5,1,2,3,6
0.67164,-0.48724,1.01500,-0.27233,1.59914,-0.93598,3,6,1,2,4,5
2.14352,-0.48724,1.01500,-0.27233,1.59914,-0.66414,3,6,1,2,4,5
0.71041,-0.48724,1.01500,-0.27233,1.59914,0.17273,3,6,1,2,4,5
0.23866,-0.48724,1.01500,-0.27233,1.59914,-0.09341,3,6,1,2,4,5
0.73859,-0.48724,1.01500,-0.27233,1.59914,0.28517,3,6,1,2,4,5
1.06827,-0.48724,1.01500,-0.27233,1.59914,-0.61290,3,5,1,2,4,6
0.82058,-0.48724,1.01500,-0.27233,1.59914,0.24817,3,5,1,2,4,6
0.31094,-0.48724,1.01500,-0.27233,1.59914,0.08022,3,6,1,2,4,5
0.73374,-0.48724,1.01500,-0.27233,1.59914,-0.04787,3,6,1,2,4,5
0.66448,-0.48724,1.01500,-0.27233,1.36614,-0.14181,3,6,1,2,4,5
0.45486,-0.48724,1.01500,-0.27233,1.36614,0.18839,3,6,1,2,4,5
0.36089,-0.48724,1.01500,-0.27233,1.36614,0.66091,3,5,1,2,4,6
0.21248,-0.48724,1.01500,-0.27233,1.36614,0.52712,3,6,1,2,4,5
0.17167,-0.48724,1.01500,-0.27233,1.36614,0.01760,3,6,1,2,4,5
0.53881,-0.48724,1.01500,-0.27233,1.36614,1.57748,3,6,1,2,4,5
0.68594,-0.48724,1.01500,-0.27233,1.36614,0.63102,3,5,1,2,4,6
0.13240,-0.48724,1.01500,-0.27233,1.36614,0.34210,4,5,1,2,3,6
0.12269,-0.48724,1.01500,-0.27233,1.36614,-0.43926,4,5,1,2,3,6
0.53328,-0.48724,1.01500,-0.27233,1.36614,-0.49619,4,5,1,2,3,6
0.48116,-0.48724,1.01500,-0.27233,1.36614,0.02329,4,5,1,2,3,6
0.37059,-0.48724,1.01500,-0.27233,1.36614,-0.28982,4,6,1,2,3,5
0.13935,-0.48724,1.01500,-0.27233,1.36614,0.59259,4,5,1,2,3,6
0.00925,-0.48724,1.01500,-0.27233,1.36614,0.13004,4,6,1,2,3,5
0.35359,-0.48724,1.01500,-0.27233,1.36614,0.04606,4,6,1,2,3,5
0.25666,-0.48724,1.01500,-0.27233,1.36614,0.32502,4,6,1,2,3,5
0.49128,-0.48724,1.01500,-0.27233,0.86561,-0.10765,5,6,1,2,3,4
-0.05231,-0.48724,1.01500,-0.27233,0.86561,-0.74811,6,5,1,2,3,4
0.01877,-0.48724,1.01500,-0.27233,0.86561,-0.47342,4,5,1,2,3,6
0.09403,-0.48724,1.01500,-0.27233,0.25290,-0.40084,3,6,1,2,4,5
1.39070,-0.48724,1.01500,-0.27233,0.21838,-0.51043,5,6,1,2,3,4
1.09999,-0.48724,1.01500,-0.27233,0.21838,-0.81358,5,6,1,2,3,4
0.08548,-0.48724,1.01500,-0.27233,0.21838,-0.16742,4,6,1,2,3,5
0.04940,-0.48724,1.01500,-0.27233,-0.19585,-0.07918,4,6,1,2,3,5
-0.00521,-0.48724,1.01500,-0.27233,0.21838,0.21685,5,6,1,2,3,4
0.12014,-0.48724,1.01500,-0.27233,0.51179,0.98968,5,6,1,2,3,4
0.51645,-0.48724,1.01500,-0.27233,0.25290,-1.22063,3,6,1,2,4,5
0.32315,-0.48724,1.01500,-0.27233,0.25290,-0.17454,3,6,1,2,4,5
0.14624,-0.48724,1.01500,-0.27233,0.51179,0.28375,3,6,1,2,4,5
1.32649,-0.48724,1.01500,-0.27233,0.51179,-1.39569,3,6,1,2,4,5
0.76957,-0.48724,1.01500,-0.27233,0.51179,-0.14181,3,6,1,2,4,5
1.24631,-0.48724,1.01500,-0.27233,0.51179,-0.07918,4,6,1,2,3,5
0.25699,-0.48724,1.01500,-0.27233,-0.19585,-0.06068,5,6,1,2,3,4
0.24352,-0.48724,1.01500,-0.27233,-0.19585,0.66233,5,6,1,2,3,4
0.24619,-0.48724,1.01500,-0.27233,-0.19585,1.10496,5,6,1,2,3,4
-0.09244,-0.48724,1.01500,-0.27233,-0.19585,-0.74384,6,5,1,2,3,4
-0.14357,-0.48724,1.01500,-0.27233,0.24427,-0.58871,6,5,1,2,3,4
0.00699,-0.48724,1.01500,-0.27233,0.24427,0.03895,6,5,1,2,3,4
0.24161,-0.48724,1.01500,-0.27233,0.24427,-0.24286,4,6,1,2,3,5
0.14209,-0.48724,1.01500,-0.27233,0.24427,-0.54032,6,5,1,2,3,4
-0.40256,-0.48724,2.42017,-0.27233,0.46864,-1.18220,2,6,5,1,3,4
-0.39878,-0.48724,2.42017,-0.27233,0.46864,-1.23913,2,6,5,1,3,4
-0.39598,-0.48724,2.42017,-0.27233,0.46864,-1.69599,2,6,5,1,3,4
-0.40781,-0.48724,2.42017,-0.27233,0.46864,-0.42930,2,6,5,1,3,4
-0.40716,-0.48724,2.42017,-0.27233,0.46864,-0.42930,3,6,5,1,2,4
-0.39995,-0.48724,-0.21089,-0.27233,0.26153,-0.82212,5,6,4,3,2,1
-0.38760,-0.48724,-0.21089,-0.27233,0.26153,-0.51043,6,5,4,3,2,1
-0.39929,-0.48724,-0.21089,-0.27233,0.26153,-0.87478,6,5,4,3,2,1
-0.38643,-0.48724,-0.21089,-0.27233,0.26153,-1.27329,3,6,5,4,2,1
-0.38890,-0.48724,-0.21089,-0.27233,0.26153,-0.69830,3,6,5,4,2,1
-0.39230,-0.48724,-0.21089,-0.27233,0.26153,-0.37806,4,6,5,3,2,1
-0.39943,-0.48724,-0.21089,-0.27233,0.26153,-1.01853,3,6,5,4,2,1
-0.39402,-0.48724,-0.21089,-0.27233,0.26153,-0.36668,2,6,5,4,3,1
-0.41282,-0.48724,0.11562,-0.27233,0.15797,0.43888,3,4,6,5,1,2
-0.41484,-0.48724,0.11562,-0.27233,0.15797,-0.23432,3,4,6,5,1,2
-0.41304,-0.48724,0.11562,-0.27233,0.15797,0.98399,2,4,6,5,1,3
-0.40736,-0.48724,0.11562,-0.27233,0.15797,0.72496,2,4,6,5,1,3
-0.41459,-0.48724,0.11562,-0.27233,0.15797,-0.36241,3,4,6,5,1,2
