950,5,5
-1.92445,0.57522,0.01667,-0.41964,0.00080,2,3,4,1,5
-1.86199,0.65213,0.33714,-0.24129,0.07948,2,3,4,1,5
-1.81115,0.60818,0.42871,-0.26359,0.07073,2,3,5,1,4
-1.78941,0.66312,0.47449,-0.24129,0.12318,2,3,5,1,4
-1.90409,0.44338,0.47449,-0.70946,-0.07787,2,3,5,1,4
-1.84173,0.44338,0.29136,-0.62029,-0.08662,2,3,5,1,4
-1.79954,0.47634,0.15402,-0.50882,-0.00794,2,3,5,1,4
-1.78941,0.54226,0.19980,-0.41964,0.06199,2,3,5,1,4
-1.79954,0.50930,0.10824,-0.37506,0.06199,1,3,5,2,4
-1.75307,0.57522,0.15402,-0.26359,0.07073,1,3,5,2,4
-1.75892,0.55325,0.33714,-0.24129,0.08822,1,3,5,2,4
-1.75307,0.50930,0.47449,-0.17441,0.02703,1,3,5,2,4
-1.78504,0.46535,0.10824,-0.33047,-0.03417,2,3,5,1,4
-1.81115,0.46535,-0.12067,-0.35276,-0.03417,1,3,5,2,4
-1.75307,0.55325,-0.12067,-0.33047,-0.03417,1,3,5,2,4
-1.66598,0.55325,-0.21223,-0.24129,-0.00794,2,3,5,1,4
-1.67611,0.54226,-0.16645,-0.12982,0.00080,1,3,5,2,4
-1.70660,0.54226,-0.02911,0.11541,0.02703,2,3,5,1,4
-1.67611,0.61917,0.01667,0.20459,0.07073,1,3,5,2,4
-1.63550,0.72904,0.06246,0.29376,0.18438,1,3,5,2,4
-1.61366,0.76200,0.06246,0.20459,0.17563,1,3,5,2,4
-1.62528,0.81693,0.19980,0.13771,0.19312,1,3,5,2,4
-1.61951,0.86088,0.19980,0.11541,0.16689,1,3,5,2,4
-1.61366,0.86088,0.15402,0.07082,0.16689,1,3,5,2,4
-1.63550,0.83890,0.10824,0.02624,0.10570,1,3,5,2,4
-1.67611,0.78397,0.06246,-0.06294,0.03577,1,3,5,2,4
-1.62965,0.75101,0.10824,-0.04065,0.05325,1,3,5,2,4
-1.58318,0.77298,0.19980,-0.01835,0.07948,1,3,5,2,4
-1.58318,0.71805,0.10824,0.11541,0.07948,1,3,5,2,4
-1.56719,0.75101,0.15402,0.33835,0.09696,1,3,5,2,4
-1.54693,0.77298,0.15402,0.27147,0.07948,1,3,5,2,4
-1.55269,0.82792,0.06246,0.13771,0.05325,1,3,5,2,4
-1.58318,0.74002,-0.02911,0.18229,0.03577,1,3,5,2,4
-1.54693,0.77298,0.10824,0.13771,0.09696,1,3,5,2,4
-1.54256,0.79496,0.15402,0.18229,0.14941,2,3,5,1,4
-1.55269,0.80594,0.47449,0.27147,0.16689,2,3,5,1,4
-1.54693,0.76200,0.42871,0.24918,0.18438,2,3,5,1,4
-1.54256,0.72904,0.19980,0.18229,0.16689,2,3,5,1,4
-1.56292,0.72904,0.24558,0.07082,0.17563,2,3,5,1,4
-1.56292,0.75101,0.19980,0.27147,0.18438,2,3,5,1,4
-1.58318,0.77298,0.33714,0.24918,0.16689,2,3,5,1,4
-1.62528,0.78397,0.29136,0.27147,0.14067,1,3,5,2,4
-1.60353,0.82792,0.29136,0.29376,0.14941,1,3,5,2,4
-1.58903,0.87187,0.24558,0.29376,0.16689,1,3,5,2,4
-1.56719,0.92680,0.19980,0.24918,0.16689,1,3,5,2,4
-1.56719,0.88285,0.29136,0.18229,0.20186,2,3,5,1,4
-1.56292,0.80594,0.42871,0.16000,0.15815,2,3,5,1,4
-1.55706,0.79496,0.19980,-0.06294,0.11444,2,3,5,1,4
-1.56292,0.79496,0.19980,0.09312,0.07948,2,3,5,1,4
-1.54693,0.86088,0.42871,0.04853,0.08822,2,3,5,1,4
-1.51059,0.88285,0.70340,0.04853,0.10570,2,3,5,1,4
-1.52072,0.97075,0.88652,0.22688,0.13193,2,3,5,1,4
-1.50622,1.03667,1.61903,0.33835,0.19312,2,3,5,1,4
-1.48011,1.15752,2.30575,0.49441,0.20186,2,3,5,1,4
-1.51059,1.24542,2.35153,0.42753,0.15815,2,3,5,1,4
-1.52072,1.27838,1.89371,0.44982,0.19312,2,3,4,1,5
-1.56719,1.21246,1.80215,0.42753,0.19312,2,3,5,1,4
-1.60938,1.06963,1.52746,0.33835,0.20186,2,3,5,1,4
-1.58318,0.95976,1.43590,0.16000,0.10570,2,3,5,1,4
-1.59340,0.97075,1.93950,0.00394,0.05325,2,3,4,1,5
-1.57881,0.90483,2.07684,-0.10753,0.07073,2,3,5,1,4
-1.60353,0.82792,1.71059,-0.24129,0.04451,2,3,5,1,4
-1.60353,0.79496,1.66481,-0.15212,0.06199,2,3,4,1,5
-1.67175,0.74002,1.61903,-0.21900,0.07073,2,3,5,1,4
-1.62528,0.75101,1.61903,-0.06294,0.12318,2,3,4,1,5
-1.57305,0.89384,1.93950,0.09312,0.23682,1,3,5,2,4
-1.59340,0.93779,1.84793,0.02624,0.26305,1,3,5,2,4
-1.56719,1.01469,1.80215,0.07082,0.28053,1,3,5,2,4
-1.56719,0.93779,1.89371,0.02624,0.33298,1,3,5,2,4
-1.56719,0.92680,1.89371,-0.01835,0.31550,1,3,5,2,4
-1.56719,0.95976,1.75637,-0.01835,0.34172,1,3,5,2,4
-1.62528,0.89384,1.20699,-0.28588,0.21060,1,3,5,2,4
-1.61951,0.84989,1.20699,-0.44194,0.23682,1,3,5,2,4
-1.65000,0.83890,1.16121,-0.48653,0.23682,1,3,5,2,4
-1.66598,0.83890,1.11543,-0.46423,0.21934,1,3,5,2,4
-1.66598,0.84989,1.02387,-0.48653,0.20186,1,3,5,2,4
-1.65000,0.79496,0.93230,-0.48653,0.21060,1,3,5,2,4
-1.63987,0.90483,1.11543,-0.39735,0.21934,1,3,5,2,4
-1.58318,0.92680,1.06965,-0.33047,0.23682,1,3,5,2,4
-1.58903,0.94877,1.06965,-0.39735,0.26305,1,3,5,2,4
-1.57881,0.94877,1.16121,-0.44194,0.27179,1,3,5,2,4
-1.53234,0.94877,1.02387,-0.48653,0.22808,1,3,5,2,4
-1.54256,0.95976,0.84074,-0.50882,0.21060,1,3,5,2,4
-1.53234,0.99272,0.88652,-0.37506,0.22808,1,3,5,2,4
-1.48011,1.11357,0.97808,-0.28588,0.23682,1,3,5,2,4
-1.49609,0.99272,0.88652,-0.24129,0.23682,1,3,5,2,4
-1.51059,1.00371,0.70340,-0.39735,0.21060,1,3,5,2,4
-1.50046,0.97075,0.74918,-0.37506,0.13193,1,3,5,2,4
-1.51645,0.98173,0.70340,-0.30817,0.14067,1,3,5,2,4
-1.50622,1.00371,0.65761,-0.28588,0.22808,1,3,5,2,4
-1.52658,0.93779,0.61183,-0.35276,0.20186,1,3,5,2,4
-1.52658,0.84989,0.52027,-0.48653,0.19312,1,3,5,2,4
-1.46998,0.91581,0.61183,-0.50882,0.14941,1,3,5,2,4
-1.45399,0.97075,0.70340,-0.41964,0.15815,1,3,5,2,4
-1.43940,0.90483,0.61183,-0.50882,0.11444,1,3,5,2,4
-1.48011,0.80594,0.38293,-0.53111,0.07948,1,3,5,2,4
-1.50046,0.83890,0.33714,-0.64258,0.06199,1,3,4,2,5
-1.43940,0.92680,0.42871,-0.62029,0.04451,1,3,5,2,4
-1.38717,0.87187,0.33714,-0.66488,-0.04291,1,3,5,2,4
-1.29999,0.84989,0.42871,-0.53111,-0.01668,1,3,5,2,4
-1.31021,0.84989,0.42871,-0.62029,-0.02542,1,3,4,2,5
-1.31458,0.79496,0.56605,-0.82093,-0.05165,1,3,4,2,5
-1.29999,0.79496,0.42871,-0.95470,-0.09536,1,3,4,2,5
-1.25352,0.89384,0.42871,-0.77635,-0.09536,1,3,4,2,5
-1.24776,0.81693,0.47449,-0.41964,-0.07787,1,3,4,2,5
-1.25352,0.78397,0.47449,-0.53111,-0.08662,1,3,4,2,5
-1.24776,0.77298,0.38293,-0.62029,-0.03417,1,3,5,2,4
-1.23177,0.82792,0.70340,-0.66488,0.00080,1,3,4,2,5
-1.28410,0.77298,0.74918,-0.73176,0.00954,1,3,5,2,4
-1.25789,0.88285,0.74918,-0.44194,0.04451,1,3,5,2,4
-1.23763,0.92680,0.65761,-0.44194,0.02703,1,3,5,2,4
-1.21728,0.92680,0.70340,-0.30817,0.07073,1,3,4,2,5
-1.22164,0.90483,0.88652,-0.26359,0.09696,1,3,4,2,5
-1.19543,0.97075,0.88652,-0.10753,0.16689,1,3,4,2,5
-1.18094,0.99272,0.93230,-0.06294,0.18438,1,3,4,2,5
-1.28410,0.97075,0.74918,-0.06294,0.13193,1,3,4,2,5
-1.25789,0.99272,0.88652,-0.04065,0.13193,2,3,4,1,5
-1.26811,0.88285,1.02387,-0.19670,0.10570,1,3,4,2,5
-1.20705,0.92680,1.34434,-0.19670,0.14067,2,4,3,1,5
-1.13447,0.94877,1.57324,-0.04065,0.21934,2,4,3,1,5
-1.13884,0.84989,1.61903,-0.15212,0.21934,2,4,3,1,5
-1.13884,0.80594,1.48168,-0.19670,0.22808,2,4,3,1,5
-1.13884,0.84989,1.34434,-0.37506,0.18438,2,3,4,1,5
-1.13884,0.84989,1.39012,-0.28588,0.21060,2,3,4,1,5
-1.12434,0.77298,1.06965,-0.24129,0.21934,1,3,4,2,5
-1.09822,0.79496,1.11543,-0.10753,0.22808,2,3,4,1,5
-1.08800,0.79496,1.43590,-0.28588,0.23682,1,4,3,2,5
-1.08224,0.77298,1.57324,-0.33047,0.28053,1,4,3,2,5
-1.09237,0.77298,1.29856,-0.39735,0.24557,1,4,3,2,5
-1.08800,0.77298,1.39012,-0.26359,0.26305,1,3,4,2,5
-1.09822,0.79496,1.39012,-0.26359,0.24557,1,4,3,2,5
-1.08800,0.81693,1.48168,-0.21900,0.23682,1,4,3,2,5
-1.10250,0.76200,1.34434,-0.37506,0.21934,1,3,4,2,5
-1.06764,0.79496,1.39012,-0.26359,0.25431,1,4,3,2,5
-1.08224,0.82792,1.43590,-0.30817,0.28927,1,3,4,2,5
-1.08224,0.86088,1.39012,-0.33047,0.31550,1,4,3,2,5
-1.12870,0.81693,1.29856,-0.39735,0.28927,1,3,4,2,5
-1.13884,0.81693,1.25277,-0.48653,0.27179,1,4,3,2,5
-1.12434,0.87187,1.25277,-0.37506,0.29802,1,3,4,2,5
-1.14469,0.86088,1.11543,-0.46423,0.26305,1,3,4,2,5
-1.14897,0.82792,0.93230,-0.73176,0.20186,1,3,4,2,5
-1.11848,0.79496,1.02387,-0.70946,0.23682,1,3,4,2,5
-1.08800,0.79496,0.84074,-0.68717,0.22808,1,3,4,2,5
-1.12434,0.71805,0.84074,-0.82093,0.23682,1,3,4,2,5
-1.06188,0.72904,0.88652,-0.73176,0.28053,1,3,4,2,5
-1.02554,0.78397,1.25277,-0.73176,0.36795,1,4,3,2,5
-0.94859,0.79496,1.11543,-0.77635,0.34172,1,3,4,2,5
-0.94283,0.80594,1.11543,-0.75405,0.31550,1,3,4,2,5
-0.94283,0.78397,0.93230,-0.77635,0.33298,1,3,4,2,5
-0.94283,0.75101,0.97808,-0.70946,0.29802,1,3,4,2,5
-0.95296,0.75101,1.02387,-0.64258,0.28927,1,3,4,2,5
-1.02554,0.68509,1.02387,-0.79864,0.28053,1,3,4,2,5
-1.00528,0.63016,0.93230,-1.06617,0.21060,1,3,4,2,5
-1.06188,0.60818,0.65761,-1.13305,0.15815,1,3,4,2,5
-1.06188,0.61917,0.74918,-1.08846,0.15815,1,3,4,2,5
-1.06764,0.57522,0.74918,-0.88782,0.14941,1,3,4,2,5
-1.10250,0.52029,0.74918,-0.95470,0.12318,1,3,4,2,5
-1.10835,0.48733,1.02387,-1.13305,0.14941,1,3,4,2,5
-1.08224,0.55325,1.11543,-1.13305,0.13193,1,3,4,2,5
-1.10250,0.52029,1.16121,-1.15534,0.21934,1,3,4,2,5
-1.11411,0.50930,1.11543,-1.11076,0.25431,1,3,4,2,5
-1.14897,0.47634,0.93230,-1.13305,0.21060,1,3,4,2,5
-1.18530,0.45437,0.88652,-1.17764,0.14941,1,3,4,2,5
-1.09822,0.49831,1.02387,-1.11076,0.09696,1,3,4,2,5
-1.10250,0.49831,0.93230,-1.08846,0.14941,1,3,4,2,5
-1.08800,0.50930,0.88652,-1.06617,0.12318,1,3,4,2,5
-1.06188,0.50930,0.97808,-1.02158,0.11444,1,3,4,2,5
-1.06764,0.46535,1.39012,-1.04387,0.14067,1,3,4,2,5
-1.08800,0.48733,1.29856,-1.13305,0.07948,1,3,4,2,5
-1.11411,0.50930,1.16121,-1.11076,0.00954,1,3,4,2,5
-1.06764,0.68509,1.25277,-0.95470,0.14067,1,3,4,2,5
-1.06764,0.65213,1.25277,-0.93240,0.21934,1,3,4,2,5
-1.05603,0.66312,1.25277,-0.84323,0.21934,1,3,4,2,5
-1.04590,0.66312,1.25277,-0.84323,0.24557,1,3,4,2,5
-1.03140,0.66312,1.20699,-0.91011,0.20186,1,3,4,2,5
-1.01541,0.64114,1.20699,-0.88782,0.21060,1,2,4,3,5
-0.95296,0.65213,1.25277,-0.84323,0.22808,1,2,4,3,5
-0.94283,0.65213,1.25277,-0.77635,0.28053,1,3,4,2,5
-0.96309,0.61917,1.20699,-0.84323,0.26305,1,3,4,2,5
-0.98493,0.64114,1.16121,-0.84323,0.30676,1,3,4,2,5
-0.98930,0.59720,1.16121,-0.84323,0.26305,1,2,4,3,5
-1.00528,0.58621,1.16121,-0.88782,0.27179,1,2,4,3,5
-1.00956,0.59720,1.11543,-0.84323,0.28927,1,2,4,3,5
-1.03577,0.59720,1.06965,-0.86552,0.35047,1,3,4,2,5
-0.98930,0.56424,0.84074,-0.79864,0.38543,1,3,4,2,5
-0.96309,0.54226,0.93230,-0.77635,0.42040,1,3,4,2,5
-0.97471,0.55325,1.11543,-0.68717,0.42914,1,3,4,2,5
-0.95296,0.55325,1.02387,-0.62029,0.48159,1,3,4,2,5
-0.89636,0.53128,1.06965,-0.57570,0.56901,1,3,4,2,5
-0.87600,0.57522,1.06965,-0.44194,0.61271,1,2,4,3,5
-0.90649,0.58621,1.02387,-0.50882,0.64768,1,3,4,2,5
-0.89199,0.57522,1.11543,-0.66488,0.73510,1,3,4,2,5
-0.87015,0.58621,1.29856,-0.59800,0.77881,1,3,4,2,5
-0.87600,0.56424,1.48168,-0.57570,0.79629,1,3,4,2,5
-0.80918,0.59720,1.52746,-0.46423,0.91867,1,3,4,2,5
-0.79320,0.63016,1.43590,-0.39735,0.95364,1,3,4,2,5
-0.79905,0.67410,1.48168,-0.41964,0.91867,1,3,4,2,5
-0.86002,0.59720,1.34434,-0.57570,0.84874,1,2,4,3,5
-0.86587,0.59720,1.34434,-0.48653,0.86622,1,3,4,2,5
-0.83966,0.59720,1.29856,-0.46423,0.86622,1,3,4,2,5
-0.81940,0.64114,1.52746,-0.46423,0.81377,1,3,4,2,5
-0.75695,0.65213,1.43590,-0.41964,0.95364,1,2,4,3,5
-0.78307,0.64114,1.29856,-0.55341,1.01483,1,3,4,2,5
-0.73660,0.68509,1.29856,-0.35276,1.15469,1,2,4,3,5
-0.75695,0.82792,1.39012,-0.24129,1.18966,1,3,4,2,5
-0.77721,0.78397,1.34434,-0.41964,1.18966,1,2,4,3,5
-0.80342,0.76200,1.29856,-0.28588,1.12847,1,2,4,3,5
-0.81355,0.76200,1.25277,-0.26359,1.04105,1,2,4,3,5
-0.84552,0.70706,1.48168,-0.28588,0.98860,1,2,5,3,4
-0.84989,0.78397,1.43590,-0.21900,1.04105,1,2,4,3,5
-0.84552,0.83890,1.66481,-0.17441,1.08476,1,2,4,3,5
-0.84552,0.90483,1.80215,-0.17441,1.14595,1,3,4,2,5
-0.89199,0.90483,1.57324,-0.30817,1.22463,1,2,4,3,5
-0.83966,0.88285,1.61903,-0.30817,1.26834,1,2,4,3,5
-0.87600,0.80594,1.48168,-0.35276,1.23337,1,2,4,3,5
-0.89199,0.76200,1.39012,-0.44194,1.20714,1,2,4,3,5
-0.88177,0.77298,1.34434,-0.39735,1.19840,1,2,4,3,5
-0.90212,0.71805,0.97808,-0.35276,1.18092,1,2,5,3,4
-0.91662,0.71805,0.97808,-0.35276,1.18092,1,2,4,3,5
-0.97907,0.63016,0.74918,-0.50882,1.09350,1,2,5,3,4
-0.99943,0.64114,0.74918,-0.53111,1.09350,1,2,4,3,5
-0.97907,0.61917,0.84074,-0.62029,1.11099,1,2,5,3,4
-1.00956,0.55325,0.56605,-0.66488,1.05854,1,2,5,3,4
-0.96894,0.52029,0.52027,-0.70946,1.09350,1,2,5,3,4
-0.95296,0.54226,0.61183,-0.70946,1.04105,1,2,5,3,4
-0.96894,0.55325,0.70340,-0.68717,1.06728,1,2,4,3,5
-0.96894,0.57522,0.84074,-0.64258,1.04980,1,2,5,3,4
-0.93260,0.54226,0.88652,-0.64258,1.05854,1,2,5,3,4
-0.96309,0.54226,0.79496,-0.82093,1.04105,1,2,5,3,4
-1.00956,0.54226,0.65761,-0.66488,1.01483,1,2,5,3,4
-0.97471,0.53128,0.65761,-0.68717,1.01483,1,2,5,3,4
-0.96309,0.57522,0.84074,-0.62029,1.11973,1,2,4,3,5
-0.97471,0.52029,0.88652,-0.57570,1.14595,1,2,4,3,5
-0.94859,0.47634,0.84074,-0.64258,1.15469,1,2,4,3,5
-0.87600,0.54226,0.93230,-0.59800,1.18966,1,2,4,3,5
-0.89636,0.60818,0.93230,-0.62029,1.19840,1,2,4,3,5
-0.91662,0.54226,0.88652,-0.84323,1.15469,1,2,4,3,5
-0.93260,0.53128,0.74918,-0.95470,1.10224,1,2,4,3,5
-0.93260,0.56424,0.74918,-0.97699,1.09350,1,2,4,3,5
-0.96309,0.56424,0.79496,-0.97699,1.11973,1,2,4,3,5
-0.97907,0.58621,0.65761,-0.93240,1.11099,1,2,4,3,5
-0.97907,0.57522,0.70340,-0.91011,1.09350,1,2,4,3,5
-0.98493,0.61917,0.56605,-0.99929,1.10224,1,2,4,3,5
-0.99943,0.61917,0.61183,-0.95470,1.07602,1,2,4,3,5
-0.99943,0.60818,0.52027,-0.88782,1.05854,1,2,4,3,5
-1.04153,0.59720,0.42871,-0.95470,1.06728,1,2,4,3,5
-1.10835,0.57522,0.24558,-0.99929,0.97112,1,2,4,3,5
-1.08224,0.59720,0.29136,-1.04387,0.98860,1,2,4,3,5
-1.05603,0.60818,0.29136,-0.99929,0.97986,1,2,4,3,5
-1.09237,0.59720,0.24558,-0.95470,0.95364,1,2,4,3,5
-1.05603,0.55325,0.33714,-0.95470,0.99735,1,2,3,4,5
-1.00528,0.56424,0.47449,-0.86552,1.01483,1,2,3,4,5
-1.02117,0.59720,0.38293,-0.86552,1.00609,1,3,2,4,5
-1.06188,0.58621,0.33714,-1.02158,1.00609,1,3,2,4,5
-1.05175,0.60818,0.52027,-0.91011,1.11099,1,4,2,3,5
-1.04153,0.60818,0.52027,-0.82093,1.13721,1,3,4,2,5
-1.01541,0.60818,0.52027,-0.79864,1.15469,1,3,4,2,5
-1.04590,0.70706,0.42871,-0.79864,1.17218,1,3,4,2,5
-1.06188,0.67410,0.52027,-0.86552,1.19840,1,3,4,2,5
-1.04153,0.65213,0.47449,-0.86552,1.25959,1,3,4,2,5
-0.98493,0.55325,0.38293,-0.82093,1.30330,1,4,3,2,5
-0.99943,0.60818,0.38293,-0.84323,1.29456,1,3,4,2,5
-0.99943,0.65213,0.42871,-0.88782,1.33827,1,2,3,4,5
-1.02554,0.63016,0.42871,-0.95470,1.32079,1,4,3,2,5
-0.98930,0.64114,0.47449,-0.95470,1.40820,1,4,3,2,5
-0.99506,0.64114,0.47449,-0.88782,1.51310,1,4,3,2,5
-1.05175,0.60818,0.52027,-0.91011,1.49562,1,4,5,2,3
-1.10835,0.55325,0.42871,-0.93240,1.50436,1,4,5,2,3
-1.06764,0.55325,0.52027,-0.84323,1.58303,1,3,5,2,4
-0.99943,0.54226,0.47449,-0.75405,1.61800,1,3,5,2,4
-0.92247,0.52029,0.42871,-0.55341,1.66171,1,3,5,2,4
-0.91234,0.60818,0.47449,-0.48653,1.75787,1,3,5,2,4
-0.92824,0.64114,0.52027,-0.50882,1.73164,1,3,5,2,4
-0.90649,0.64114,0.56605,-0.55341,1.78409,1,2,4,3,5
-0.88613,0.53128,0.61183,-0.55341,1.81906,1,2,4,3,5
-0.90212,0.61917,0.65761,-0.59800,1.81032,1,2,4,3,5
-0.89636,0.60818,0.52027,-0.64258,1.82780,1,3,5,2,4
-0.91234,0.61917,0.42871,-0.57570,1.90647,1,3,4,2,5
-0.89636,0.66312,0.52027,-0.30817,1.96767,1,3,4,2,5
-0.91662,0.66312,0.56605,-0.17441,2.12501,1,3,5,2,4
-0.93260,0.59720,0.47449,-0.21900,2.03760,1,3,5,2,4
-0.94283,0.54226,0.47449,-0.37506,1.95892,1,3,5,2,4
-0.96894,0.56424,0.52027,-0.35276,1.95018,1,3,4,2,5
-0.94283,0.52029,0.47449,-0.26359,1.96767,1,3,5,2,4
-0.94859,0.50930,0.47449,-0.26359,1.97641,1,3,5,2,4
-0.95881,0.57522,0.52027,-0.28588,2.01137,1,3,5,2,4
-0.92824,0.58621,0.47449,-0.21900,2.05508,1,3,4,2,5
-0.89636,0.60818,0.47449,-0.28588,2.02011,1,5,3,2,4
-0.94283,0.58621,0.47449,-0.41964,1.92396,1,4,5,2,3
-0.94283,0.58621,0.47449,-0.41964,1.94144,1,4,5,2,3
-0.99943,0.55325,0.47449,-0.59800,1.81032,1,4,5,2,3
-1.00528,0.59720,0.52027,-0.53111,1.78409,1,3,5,2,4
-0.96894,0.59720,0.56605,-0.39735,1.85402,1,4,5,2,3
-0.96309,0.56424,0.65761,-0.48653,1.85402,1,4,5,2,3
-0.90212,0.60818,0.70340,-0.35276,1.93270,1,5,3,2,4
-0.83530,0.59720,0.74918,-0.19670,1.95018,1,4,3,2,5
-0.82368,0.59720,1.06965,-0.26359,2.03760,1,4,3,2,5
-0.82368,0.60818,0.97808,-0.26359,2.02011,1,3,5,2,4
-0.83966,0.81693,1.02387,-0.21900,2.00263,1,4,5,2,3
-0.83530,0.78397,1.06965,-0.12982,2.02011,1,4,5,2,3
-0.77721,0.77298,1.02387,-0.08523,2.03760,1,4,5,2,3
-0.76271,0.79496,1.11543,0.07082,2.09005,1,5,4,2,3
-0.75695,0.79496,1.06965,0.02624,2.12501,1,4,5,2,3
-0.71048,0.83890,1.11543,0.09312,2.19495,1,3,5,2,4
-0.66401,0.88285,1.25277,0.09312,2.22117,1,3,5,2,4
-0.72647,0.82792,1.02387,-0.08523,1.99389,1,5,3,2,4
-0.79320,0.80594,1.02387,-0.06294,2.00263,1,4,5,2,3
-0.79905,0.82792,1.06965,-0.04065,2.06382,1,5,4,2,3
-0.81940,0.86088,1.16121,0.00394,2.09005,1,5,4,2,3
-0.83966,0.83890,1.20699,-0.04065,2.09879,1,4,5,2,3
-0.84552,0.84989,1.16121,-0.06294,2.06382,1,4,5,2,3
-0.75695,0.88285,1.11543,0.00394,2.05508,1,4,5,2,3
-0.74236,0.84989,1.20699,-0.06294,2.11627,1,4,5,2,3
-0.71624,0.86088,1.34434,0.04853,2.21243,1,5,4,2,3
-0.70611,0.90483,1.20699,0.02624,2.16872,1,4,5,2,3
-0.73074,0.90483,1.16121,-0.01835,2.15124,1,4,5,2,3
-0.69013,0.87187,0.97808,-0.12982,2.16872,1,4,5,2,3
-0.65379,0.83890,0.93230,-0.06294,2.15124,1,4,5,2,3
-0.66401,0.81693,0.79496,-0.06294,2.15998,1,4,5,2,3
-0.66977,0.86088,0.88652,-0.06294,2.11627,1,4,5,2,3
-0.66401,0.88285,0.74918,-0.04065,2.12501,1,4,5,2,3
-0.63780,0.92680,0.84074,-0.04065,2.13376,1,4,5,2,3
-0.62767,0.97075,0.97808,-0.04065,2.21243,1,4,5,2,3
-0.64942,0.91581,0.84074,-0.10753,2.21243,1,4,5,2,3
-0.57107,0.97075,0.97808,0.04853,2.17746,1,5,4,2,3
-0.56085,0.98173,0.93230,0.07082,2.24740,1,5,4,2,3
-0.50425,1.05864,0.93230,0.18229,2.32607,1,4,5,2,3
-0.49839,1.09160,0.79496,0.18229,2.30859,1,4,5,2,3
-0.52023,1.10259,0.84074,0.13771,2.29985,1,4,5,3,2
-0.51001,1.13555,0.93230,0.02624,1.90647,1,5,4,3,2
-0.53036,1.09160,0.74918,0.07082,1.69667,1,4,5,2,3
-0.54059,1.11357,0.70340,-0.01835,1.74912,1,4,5,2,3
-0.46791,1.09160,0.56605,-0.01835,1.62674,1,4,5,3,2
-0.39532,1.08061,0.70340,0.09312,1.64423,2,4,5,3,1
-0.39096,1.04765,0.65761,-0.01835,1.67045,2,4,5,3,1
-0.33872,1.12456,0.70340,-0.01835,1.65297,2,4,5,3,1
-0.28789,1.13555,0.74918,-0.04065,1.58303,2,4,5,3,1
-0.31252,1.11357,0.70340,-0.06294,1.47813,2,4,5,3,1
-0.36484,1.05864,0.65761,-0.08523,1.38198,2,4,5,3,1
-0.35899,1.13555,0.70340,-0.24129,1.36449,2,4,5,3,1
-0.39096,1.14653,0.61183,-0.28588,1.25085,2,4,5,3,1
-0.40118,1.09160,0.70340,-0.26359,1.25085,2,4,5,3,1
-0.41131,1.08061,0.74918,-0.33047,1.24211,2,4,5,3,1
-0.31837,1.08061,0.70340,-0.30817,1.27708,2,4,5,3,1
-0.21958,1.10259,0.79496,-0.21900,1.29456,2,4,5,3,1
-0.15285,1.10259,0.79496,-0.04065,1.25959,2,4,5,3,1
-0.12236,1.12456,0.79496,0.04853,1.24211,2,4,5,3,1
-0.18472,1.14653,0.84074,0.09312,1.25085,2,4,5,3,1
-0.19932,1.16851,0.88652,0.13771,1.25959,2,3,5,4,1
-0.20508,1.21246,0.93230,0.11541,1.26834,2,4,5,3,1
-0.21958,1.21246,0.97808,0.20459,1.25085,2,4,5,3,1
-0.26605,1.21246,1.02387,0.09312,1.24211,3,4,5,2,1
-0.25592,1.23443,1.16121,0.11541,1.34701,3,4,5,2,1
-0.25155,1.25640,1.20699,0.04853,1.37324,3,4,5,2,1
-0.21958,1.27838,1.34434,0.11541,1.35575,3,4,5,2,1
-0.17896,1.20147,1.20699,0.02624,1.30330,2,4,5,3,1
-0.20508,1.17950,1.29856,0.02624,1.31204,3,4,5,2,1
-0.21958,1.19048,1.39012,-0.01835,1.32079,3,4,5,2,1
-0.27190,1.25640,1.34434,-0.04065,1.29456,3,4,5,2,1
-0.40118,1.15752,1.20699,-0.08523,1.25959,3,4,5,2,1
-0.35471,1.14653,1.11543,-0.06294,1.25085,4,2,5,3,1
-0.32413,1.20147,1.16121,-0.06294,1.25085,4,2,5,3,1
-0.32850,1.23443,1.11543,-0.08523,1.22463,4,2,5,3,1
-0.38519,1.23443,1.11543,-0.08523,1.26834,3,2,5,4,1
-0.30239,1.20147,1.16121,-0.08523,1.26834,3,2,5,4,1
-0.34885,1.15752,1.02387,-0.08523,1.26834,4,2,5,3,1
-0.31837,1.14653,1.11543,0.00394,1.29456,3,2,5,4,1
-0.39532,1.12456,1.02387,-0.08523,1.26834,2,3,5,4,1
-0.41131,1.16851,1.06965,0.00394,1.25959,2,3,5,4,1
-0.37209,1.19048,1.02387,0.02624,1.27708,2,3,5,4,1
-0.40406,1.20147,0.97808,0.02624,1.24211,3,2,5,4,1
-0.44179,1.20147,1.16121,0.16000,1.23337,3,2,5,4,1
-0.36484,1.15752,1.11543,0.27147,1.20714,3,2,5,4,1
-0.31837,1.19048,1.11543,0.42753,1.15469,2,3,5,4,1
-0.33436,1.22344,1.02387,0.49441,1.03231,3,2,5,4,1
-0.34885,1.24542,0.97808,0.49441,1.02357,3,2,5,4,1
-0.46503,1.23443,0.93230,0.42753,0.86622,3,2,5,4,1
-0.51150,1.22344,0.84074,0.24918,0.84000,3,2,5,4,1
-0.55072,1.25640,0.65761,0.18229,0.89245,2,3,5,4,1
-0.48826,1.28936,0.65761,0.16000,0.97112,2,3,5,4,1
-0.49700,1.26739,0.61183,0.18229,1.00609,2,3,5,4,1
-0.51150,1.27838,0.65761,0.33835,1.02357,3,2,5,4,1
-0.45053,1.32232,0.70340,0.44982,1.07602,4,1,5,3,2
-0.44179,1.38824,0.84074,0.42753,1.14595,4,1,5,3,2
-0.40406,1.38824,0.88652,0.47212,1.20714,4,1,5,3,2
-0.38808,1.43219,1.02387,0.42753,1.28582,3,2,5,4,1
-0.38808,1.39923,1.06965,0.40523,1.25085,4,2,5,3,1
-0.38808,1.41022,1.16121,0.42753,1.31204,4,2,5,3,1
-0.35759,1.41022,1.29856,0.29376,1.18092,4,2,5,3,1
-0.40406,1.42120,1.34434,0.18229,1.15469,4,3,5,2,1
-0.37209,1.35528,1.39012,0.13771,0.77881,4,3,5,2,1
-0.29514,1.30035,1.29856,0.11541,0.73510,4,3,5,2,1
-0.27190,1.25640,1.25277,0.07082,0.79629,4,3,5,2,1
-0.27190,1.20147,1.11543,0.13771,0.80503,4,3,5,2,1
-0.29514,1.19048,1.11543,0.16000,0.86622,4,3,5,2,1
-0.34161,1.15752,1.02387,0.29376,0.87496,4,3,5,2,1
-0.30239,1.15752,0.88652,0.51670,0.84000,4,2,5,3,1
-0.27190,1.17950,0.93230,0.49441,0.86622,4,1,5,3,2
-0.27915,1.26739,0.84074,0.56129,0.97112,4,1,5,3,2
-0.36484,1.30035,0.84074,0.49441,0.94490,4,1,5,3,2
-0.39532,1.28936,0.61183,0.49441,0.90993,4,2,5,3,1
-0.41856,1.24542,0.42871,0.40523,0.84874,4,2,5,3,1
-0.41131,1.21246,0.38293,0.36065,0.84874,4,2,5,1,3
-0.34161,1.25640,0.56605,0.51670,0.90993,4,1,5,3,2
-0.18621,1.26739,0.61183,0.62817,0.90993,4,1,5,2,3
-0.22543,1.21246,0.52027,0.60588,0.90993,4,1,5,3,2
-0.23268,1.31134,0.52027,0.62817,0.90993,4,1,5,3,2
-0.28789,1.23443,0.38293,0.58359,0.88370,4,2,5,3,1
-0.28789,1.26739,0.56605,0.53900,0.86622,4,1,5,3,2
-0.24142,1.28936,0.52027,0.60588,0.86622,4,1,5,3,2
-0.23268,1.34430,0.56605,0.53900,0.85748,4,1,5,3,2
-0.24142,1.33331,0.47449,0.47212,0.83125,4,1,5,3,2
-0.20945,1.33331,0.52027,0.71735,0.86622,4,1,5,3,2
-0.19495,1.20147,0.52027,0.62817,0.79629,4,1,5,3,2
-0.25592,1.19048,0.38293,0.53900,0.76132,4,1,5,3,2
-0.23268,1.17950,0.47449,0.58359,0.68265,4,1,5,3,2
-0.10201,1.20147,0.61183,0.73964,0.72636,4,1,5,3,2
-0.10926,1.19048,0.56605,0.76194,0.74384,4,1,5,3,2
-0.10201,1.23443,0.61183,0.85111,0.69139,4,1,5,3,2
-0.20945,1.23443,0.52027,0.85111,0.69139,4,1,5,3,2
-0.16298,1.23443,0.47449,1.02947,0.69139,5,1,4,3,2
-0.13249,1.23443,0.52027,1.16323,0.70887,5,1,4,3,2
-0.03231,1.25640,0.47449,1.09635,0.80503,5,1,4,3,2
-0.02357,1.21246,0.56605,1.05176,0.79629,5,2,4,3,1
-0.08602,1.19048,0.74918,0.98488,0.77881,5,1,4,3,2
-0.11651,1.23443,0.79496,0.85111,0.77006,5,2,4,3,1
-0.07877,1.14653,0.65761,0.82882,0.79629,5,2,4,3,1
-0.17171,1.13555,0.65761,0.78423,0.83125,5,2,4,3,1
-0.08602,1.16851,0.88652,0.78423,0.84874,5,2,4,3,1
-0.04680,1.15752,0.84074,0.73964,0.82251,5,2,4,3,1
-0.07877,1.11357,0.79496,0.80653,0.83125,5,2,4,3,1
-0.02357,1.17950,0.88652,0.78423,0.83125,5,2,4,3,1
0.01417,1.17950,1.20699,1.00717,0.82251,5,2,4,3,1
0.07662,1.14653,1.02387,0.87341,0.81377,5,2,4,3,1
0.10710,1.17950,1.02387,0.96258,0.79629,5,2,4,3,1
0.09985,1.17950,0.84074,0.94029,0.82251,5,2,4,3,1
0.12309,1.20147,0.88652,0.94029,0.82251,5,2,4,3,1
0.06937,1.15752,0.79496,0.89570,0.78755,5,2,4,3,1
0.03740,1.16851,0.79496,0.96258,0.78755,5,2,4,3,1
0.04614,1.19048,0.70340,0.96258,0.72636,5,2,4,3,1
0.03015,1.23443,0.70340,1.07405,0.68265,5,2,4,3,1
0.00692,1.24542,0.70340,1.31929,0.66516,5,2,4,3,1
-0.01632,1.25640,0.70340,1.36387,0.61271,5,1,4,3,2
0.17681,1.28936,0.65761,1.40846,0.66516,5,1,4,3,2
0.16231,1.30035,0.61183,1.31929,0.67391,5,1,4,3,2
0.11584,1.32232,0.65761,1.31929,0.67391,5,1,4,3,2
0.11584,1.30035,0.65761,1.27470,0.70013,5,1,4,3,2
0.09985,1.25640,0.70340,1.27470,0.74384,5,1,4,3,2
0.09261,1.26739,0.61183,1.27470,0.70887,5,1,4,3,2
0.16231,1.30035,0.52027,1.23011,0.70887,5,1,4,3,2
0.27848,1.31134,0.42871,1.18552,0.67391,5,1,4,3,2
0.03015,1.01469,0.29136,0.47212,0.61271,5,1,4,3,2
0.14632,0.88285,0.24558,0.73964,0.53404,5,1,4,3,2
0.09985,0.91581,0.24558,0.87341,0.55152,5,1,4,3,2
0.05339,0.95976,0.19980,1.07405,0.55152,5,1,4,3,2
0.10710,0.95976,0.33714,1.09635,0.54278,5,1,4,3,2
0.09985,0.95976,0.33714,1.00717,0.55152,5,1,4,3,2
0.04614,0.90483,0.29136,0.85111,0.51656,5,1,4,3,2
0.04614,0.84989,0.10824,0.80653,0.46411,5,1,2,4,3
0.03740,0.80594,0.10824,0.80653,0.43788,5,1,4,3,2
-0.07877,0.75101,0.15402,0.73964,0.43788,5,1,3,4,2
-0.13974,0.72904,0.06246,0.67276,0.39417,5,1,3,4,2
-0.14848,0.72904,0.01667,0.56129,0.49033,5,1,4,3,2
-0.03955,0.75101,-0.12067,0.62817,0.54278,5,1,4,3,2
-0.04680,0.79496,-0.16645,0.60588,0.55152,5,1,4,3,2
-0.03231,0.72904,0.01667,0.56129,0.54278,5,1,4,3,2
-0.00907,0.77298,0.10824,0.49441,0.60397,5,1,4,3,2
-0.14848,0.71805,-0.02911,0.36065,0.52530,5,1,4,3,2
-0.20220,0.72904,-0.02911,0.38294,0.54278,5,1,4,3,2
-0.13249,0.72904,-0.02911,0.47212,0.53404,5,1,4,3,2
-0.09327,0.72904,-0.07489,0.44982,0.51656,5,1,4,3,2
-0.05554,0.70706,-0.12067,0.44982,0.54278,5,1,4,3,2
-0.06279,0.65213,-0.16645,0.36065,0.57775,5,1,4,3,2
-0.09327,0.61917,-0.12067,0.33835,0.58649,5,1,4,3,2
-0.04680,0.58621,-0.16645,0.09312,0.57775,5,2,4,3,1
-0.02357,0.56424,-0.16645,-0.01835,0.58649,5,2,4,3,1
0.06937,0.44338,-0.21223,-0.24129,0.59523,5,2,4,3,1
0.16231,0.01490,-0.57849,-1.04387,0.51656,5,3,4,2,1
0.05339,-0.07300,-0.62427,-1.22223,0.47285,5,3,4,2,1
0.09261,-0.06201,-0.57849,-0.99929,0.46411,5,3,4,2,1
0.13034,-0.06201,-0.57849,-0.93240,0.48159,5,3,4,2,1
0.11584,0.00391,-0.53270,-1.04387,0.42914,5,3,4,2,1
0.17681,0.00391,-0.57849,-0.97699,0.32424,5,3,4,2,1
0.17681,-0.04004,-0.57849,-0.88782,0.18438,5,3,4,2,1
0.19279,-0.02905,-0.57849,-0.95470,0.13193,5,4,3,2,1
0.28573,-0.04004,-0.57849,-0.93240,0.15815,5,3,4,2,1
0.23201,-0.05103,-0.71583,-0.97699,0.14067,5,3,4,2,1
0.26975,-0.02905,-0.85317,-0.97699,0.13193,5,3,4,2,1
0.23926,-0.01807,-0.85317,-1.11076,0.05325,5,3,4,1,2
0.22328,0.06983,-0.94474,-1.11076,0.03577,5,3,4,1,2
0.19279,0.05884,-0.99052,-0.91011,0.07948,5,3,4,1,2
0.12309,0.10279,-0.94474,-0.99929,0.04451,5,3,4,1,2
0.11584,0.11378,-0.94474,-1.06617,0.07073,5,3,4,1,2
0.12309,0.12476,-0.94474,-0.95470,0.07948,5,3,4,1,2
0.09261,0.17970,-0.89896,-0.95470,0.05325,5,3,4,1,2
0.13034,0.23463,-0.94474,-0.95470,0.05325,5,3,4,1,2
0.02290,0.19068,-1.12786,-0.93240,0.00080,5,4,3,1,2
0.03740,0.13575,-1.40255,-0.93240,-0.05165,5,4,3,1,2
0.00692,0.13575,-1.31099,-0.77635,-0.05165,5,4,3,1,2
0.09985,0.20167,-1.26521,-0.73176,-0.04291,5,3,4,1,2
0.03740,0.19068,-1.08208,-0.62029,-0.00794,5,4,3,1,2
0.09261,0.14674,-1.12786,-0.48653,0.00954,5,4,3,1,2
0.00692,0.08082,-1.17364,-0.19670,0.04451,5,4,3,1,2
0.06937,0.05884,-1.21943,-0.24129,0.06199,5,4,3,1,2
0.15357,0.08082,-1.21943,-0.17441,0.02703,5,4,3,1,2
0.28573,0.12476,-0.94474,-0.19670,0.06199,5,4,3,1,2
0.37867,0.19068,-0.99052,-0.01835,0.17563,5,4,3,1,2
0.36269,0.16871,-1.08208,0.16000,0.14941,5,3,4,1,2
0.30897,0.13575,-1.08208,0.09312,0.11444,5,4,3,1,2
0.35544,0.11378,-1.21943,0.18229,0.14067,5,4,3,1,2
0.30897,0.01490,-1.31099,0.09312,0.12318,5,4,3,1,2
0.32495,-0.10596,-1.26521,-0.04065,0.09696,5,4,3,2,1
0.26975,-0.14991,-1.12786,-0.26359,0.09696,5,4,3,1,2
0.19279,-0.20484,-1.17364,-0.46423,0.04451,5,4,3,1,2
0.15357,-0.22681,-1.26521,-0.37506,0.09696,5,4,3,1,2
0.18554,-0.21583,-1.21943,-0.41964,0.14941,5,4,3,1,2
0.20878,-0.24879,-1.31099,-0.53111,0.14941,5,4,3,1,2
0.19279,-0.22681,-1.40255,-0.48653,0.13193,5,4,3,1,2
0.24651,-0.21583,-1.58568,-0.53111,0.09696,5,4,3,1,2
0.14632,-0.28175,-1.76880,-0.64258,-0.04291,5,4,3,1,2
0.13034,-0.30372,-1.90615,-0.66488,-0.06913,5,4,3,1,2
0.16231,-0.31471,-1.95193,-0.64258,-0.06913,5,4,3,2,1
0.06937,-0.41359,-1.99771,-0.59800,-0.18277,5,4,3,1,2
0.06063,-0.35866,-1.99771,-0.66488,-0.22648,5,4,3,1,2
0.03015,-0.40260,-2.04349,-0.68717,-0.41880,5,4,3,2,1
0.08387,-0.34767,-2.04349,-0.82093,-0.66356,5,4,3,1,2
0.14632,-0.29273,-1.99771,-0.75405,-0.73350,5,4,3,1,2
0.26975,-0.33668,-2.13505,-0.66488,-0.71601,5,4,3,1,2
0.33220,-0.36964,-1.99771,-0.82093,-0.69853,5,4,3,1,2
0.38592,-0.40260,-2.08927,-1.02158,-0.58489,5,4,3,1,2
0.40916,-0.52346,-2.13505,-1.08846,-0.61111,5,4,3,1,2
0.40916,-0.51247,-2.18084,-1.04387,-0.53244,4,5,3,1,2
0.34819,-0.58938,-2.13505,-0.91011,-0.41880,4,5,3,1,2
0.33945,-0.61135,-1.95193,-0.99929,-0.32264,4,5,3,1,2
0.33220,-0.67727,-1.95193,-1.02158,-0.51496,4,5,3,1,2
0.32495,-0.67727,-1.90615,-0.99929,-0.55866,4,5,3,1,2
0.40916,-0.62234,-1.95193,-0.99929,-0.54118,4,5,3,1,2
0.40916,-0.61135,-1.99771,-0.99929,-0.49747,5,4,3,2,1
0.37142,-0.63332,-1.99771,-0.99929,-0.44502,4,5,3,1,2
0.28573,-0.64431,-1.86037,-1.06617,-0.40131,5,4,3,1,2
0.22328,-0.65530,-1.76880,-1.17764,-0.39257,4,5,3,1,2
0.23201,-0.66629,-1.53990,-1.15534,-0.39257,4,5,3,1,2
0.19279,-0.67727,-1.44833,-1.26681,-0.46251,5,4,3,1,2
0.26250,-0.65530,-1.40255,-1.19993,-0.40131,5,4,3,1,2
0.29298,-0.63332,-1.67724,-1.19993,-0.44502,5,4,3,1,2
0.43239,-0.58938,-1.76880,-1.06617,-0.44502,5,4,3,1,2
0.50209,-0.53444,-1.76880,-1.17764,-0.44502,4,5,3,1,2
0.49484,-0.52346,-1.81458,-1.17764,-0.44502,4,5,3,1,2
0.50209,-0.55642,-1.90615,-1.04387,-0.43628,5,4,3,1,2
0.51808,-0.52346,-1.86037,-0.91011,-0.41006,5,4,3,1,2
0.57180,-0.54543,-1.76880,-0.82093,-0.39257,4,5,3,1,2
0.63425,-0.52346,-1.58568,-0.46423,-0.29641,4,5,3,1,2
0.67347,-0.54543,-1.53990,-0.41964,-0.20026,4,5,3,1,2
0.62700,-0.56740,-1.58568,-0.28588,-0.25271,4,5,3,1,2
0.59503,-0.60036,-1.67724,-0.48653,-0.34886,4,5,3,1,2
0.65749,-0.58938,-1.63146,-0.73176,-0.34012,4,5,3,1,2
0.65024,-0.56740,-1.58568,-0.70946,-0.34012,4,5,3,1,2
0.79690,-0.53444,-1.53990,-0.66488,-0.28767,5,4,3,1,2
0.90582,-0.56740,-1.31099,-0.62029,-0.30516,5,4,3,1,2
0.84337,-0.61135,-1.26521,-0.73176,-0.32264,5,4,3,2,1
0.88259,-0.60036,-1.17364,-0.62029,-0.34012,5,4,3,1,2
0.88983,-0.55642,-1.17364,-0.53111,-0.38383,5,4,3,1,2
1.01326,-0.55642,-1.17364,-0.55341,-0.38383,5,4,3,2,1
0.93630,-0.52346,-1.12786,-0.46423,-0.36635,5,4,3,1,2
0.98277,-0.44655,-0.89896,-0.28588,-0.33138,5,4,3,1,2
0.99002,-0.47951,-0.85317,-0.39735,-0.34012,5,4,3,1,2
0.95954,-0.54543,-0.80739,-0.35276,-0.33138,5,4,3,2,1
0.92032,-0.56740,-0.85317,-0.48653,-0.37509,5,4,3,1,2
0.89708,-0.61135,-0.99052,-0.59800,-0.38383,5,4,3,2,1
1.01326,-0.57839,-0.94474,-0.50882,-0.34886,5,4,3,1,2
0.93630,-0.58938,-1.08208,-0.59800,-0.26145,5,4,3,1,2
0.99002,-0.58938,-1.17364,-0.59800,-0.27019,5,4,3,1,2
0.99002,-0.54543,-1.17364,-0.50882,-0.30516,5,4,3,2,1
0.95954,-0.51247,-1.21943,-0.35276,-0.30516,5,4,3,2,1
0.94355,-0.53444,-1.12786,-0.33047,-0.30516,5,4,3,2,1
0.96679,-0.58938,-1.21943,-0.46423,-0.31390,5,4,3,2,1
1.00601,-0.57839,-1.26521,-0.37506,-0.34886,5,4,3,2,1
1.01326,-0.56740,-1.31099,-0.35276,-0.34012,5,4,3,2,1
0.99876,-0.57839,-1.31099,-0.26359,-0.27893,5,4,3,2,1
0.90582,-0.57839,-1.31099,-0.46423,-0.30516,5,4,3,2,1
0.88259,-0.57839,-1.40255,-0.55341,-0.32264,5,4,3,2,1
0.84337,-0.58938,-1.72302,-0.70946,-0.40131,5,4,3,2,1
0.81288,-0.65530,-1.86037,-0.82093,-0.67230,5,4,3,2,1
0.80415,-0.63332,-1.86037,-0.86552,-0.75972,5,4,3,2,1
0.80415,-0.64431,-1.86037,-0.82093,-0.68979,5,4,3,2,1
0.81288,-0.67727,-1.86037,-0.73176,-0.68105,5,4,3,2,1
0.73444,-0.74319,-1.86037,-0.84323,-0.92581,5,4,3,2,1
0.79690,-0.80911,-1.76880,-0.91011,-0.98700,5,4,3,2,1
0.95229,-0.78714,-1.76880,-0.79864,-0.96952,5,4,3,2,1
0.99876,-0.80911,-1.76880,-0.73176,-0.83840,5,4,3,2,1
1.02924,-0.83109,-1.81458,-0.77635,-0.92581,5,4,3,2,1
1.05973,-0.83109,-1.72302,-0.50882,-0.93455,5,4,3,2,1
1.02199,-0.85306,-1.86037,-0.48653,-0.89085,5,4,3,2,1
1.04523,-0.87503,-1.76880,-0.30817,-0.90833,5,4,3,2,1
1.04523,-0.92997,-1.81458,-0.28588,-0.92581,5,4,3,2,1
1.14542,-0.94095,-1.81458,-0.39735,-0.96078,5,4,3,2,1
1.30806,-0.91898,-1.76880,-0.10753,-0.83840,5,4,3,2,1
1.30806,-0.89701,-1.72302,-0.12982,-0.90833,5,4,3,2,1
1.24560,-0.86405,-1.67724,-0.08523,-1.03945,5,4,3,2,1
1.21512,-0.85306,-1.63146,-0.26359,-1.11813,5,4,3,2,1
1.25434,-0.83109,-1.63146,-0.37506,-1.10064,5,4,3,2,1
1.30081,-0.82010,-1.44833,-0.39735,-1.08316,5,4,3,2,1
1.37776,-0.84207,-1.44833,-0.35276,-1.05694,5,4,3,2,1
1.40825,-0.84207,-1.44833,-0.39735,-1.03945,5,4,3,2,1
1.50119,-0.87503,-1.35677,-0.41964,-1.03945,5,4,3,2,1
1.59413,-0.84207,-1.35677,-0.59800,-1.03945,5,4,3,2,1
1.54041,-0.84207,-1.21943,-0.41964,-1.03945,4,5,3,2,1
1.54766,-0.78714,-1.12786,-0.50882,-1.05694,5,4,3,2,1
1.55639,-0.76517,-1.17364,-0.48653,-1.06568,5,4,2,3,1
1.59413,-0.74319,-1.17364,-0.48653,-1.08316,4,5,3,2,1
1.72628,-0.78714,-1.03630,-0.44194,-1.05694,4,5,2,3,1
1.82647,-0.75418,-1.08208,-0.39735,-1.03071,4,5,2,3,1
1.75677,-0.72122,-0.99052,-0.41964,-1.04819,4,5,2,3,1
1.74227,-0.73221,-0.94474,-0.39735,-1.04819,4,5,2,3,1
1.67257,-0.71023,-0.94474,-0.41964,-1.05694,5,4,2,3,1
1.58688,-0.69925,-1.08208,-0.48653,-1.04819,5,4,2,3,1
1.91216,-0.71023,-1.03630,-0.39735,-1.09190,5,4,2,3,1
1.94701,-0.71023,-0.94474,-0.15212,-1.17058,5,4,3,2,1
2.02834,-0.72122,-1.08208,-0.28588,-1.28422,5,4,2,3,1
2.06319,-0.74319,-0.99052,-0.06294,-1.50276,4,5,2,3,1
2.06319,-0.73221,-0.94474,0.07082,-1.55521,5,4,2,3,1
1.95863,-0.77615,-1.08208,-0.01835,-1.58143,5,4,2,3,1
1.92378,-0.77615,-1.08208,0.00394,-1.55521,4,5,2,3,1
1.87731,-0.83109,-1.03630,0.04853,-1.49402,4,5,2,3,1
1.95863,-0.83109,-0.85317,-0.26359,-1.75627,4,5,2,3,1
1.80761,-0.91898,-0.80739,-0.37506,-1.84368,4,5,2,3,1
1.79599,-1.00688,-0.85317,-0.68717,-1.84368,4,5,2,3,1
1.83084,-1.03984,-0.89896,-0.64258,-1.81746,4,5,2,3,1
1.93540,-0.98490,-0.85317,-0.46423,-1.79123,4,5,2,3,1
1.95863,-1.03984,-0.34958,-0.46423,-1.74752,4,5,2,3,1
1.91216,-1.05082,0.10824,-0.44194,-1.70382,4,5,2,3,1
1.97025,-1.05082,-0.25802,-0.53111,-1.59017,4,5,2,3,1
2.02834,-1.03984,-0.34958,-0.66488,-1.52898,4,5,2,3,1
1.98187,-1.07280,-0.85317,-0.84323,-1.39786,4,5,2,3,1
2.09804,-1.03984,-0.89896,-0.88782,-1.22303,4,5,2,3,1
2.08642,-0.96293,-0.80739,-0.91011,-1.17932,4,5,2,3,1
2.05157,-0.99589,-0.94474,-0.97699,-1.18806,4,5,2,3,1
2.19098,-1.06181,-0.85317,-0.86552,-1.21428,4,5,2,3,1
2.15613,-1.07280,-0.85317,-0.82093,-1.20554,4,5,2,3,1
2.15613,-1.08378,-0.99052,-0.66488,-1.11813,5,4,2,3,1
2.15613,-1.06181,-1.03630,-0.66488,-1.28422,5,4,2,3,1
2.07481,-1.08378,-1.17364,-0.66488,-1.37163,4,5,2,3,1
2.00510,-1.09477,-1.26521,-0.75405,-1.24925,4,5,2,3,1
1.95863,-1.05082,-1.35677,-0.75405,-1.28422,5,4,2,3,1
1.86569,-1.07280,-1.44833,-0.79864,-1.30170,5,4,2,3,1
1.66820,-1.18266,-1.67724,-0.97699,-1.36289,4,5,2,3,1
1.76114,-1.17168,-1.63146,-0.99929,-1.34541,4,5,2,3,1
1.88893,-1.22661,-1.44833,-0.97699,-1.30170,4,5,2,3,1
1.97025,-1.27056,-1.44833,-0.97699,-1.27548,4,5,2,3,1
1.98187,-1.45733,-1.17364,-1.26681,-1.26673,5,4,2,3,1
1.92378,-1.51227,-0.99052,-1.22223,-1.26673,5,4,2,3,1
1.84246,-1.51227,-1.08208,-1.28911,-1.22303,4,5,2,3,1
1.65658,-1.51227,-0.94474,-1.31140,-1.24925,4,5,2,3,1
1.44747,-1.38043,-0.89896,-1.19993,-1.17932,5,4,2,3,1
1.49394,-1.31451,-1.03630,-1.26681,-1.14435,5,4,2,3,1
1.16865,-1.22661,-1.17364,-1.28911,-1.19680,5,4,2,3,1
1.30806,-1.24858,-1.31099,-1.48975,-1.29296,5,4,2,3,1
1.40100,-1.34747,-1.35677,-1.51205,-1.24925,5,4,2,3,1
1.54041,-1.40240,-1.40255,-1.46746,-1.26673,5,4,1,3,2
1.42423,-1.44635,-1.49411,-1.46746,-1.17932,5,4,1,3,2
1.36615,-1.49029,-1.08208,-1.57893,-1.19680,5,4,1,3,2
1.30806,-1.50128,-1.08208,-1.71269,-1.21428,5,4,1,3,2
1.34291,-1.49029,-1.12786,-1.66811,-1.21428,5,4,1,3,2
1.18027,-1.50128,-1.21943,-1.71269,-1.20554,5,4,2,3,1
0.98277,-1.56720,-1.21943,-1.82416,-1.19680,5,4,2,3,1
0.98277,-1.47931,-1.03630,-1.69040,-1.11813,5,4,2,3,1
0.76204,-1.46832,-1.08208,-1.75728,-1.15309,5,3,2,4,1
0.65749,-1.44635,-1.12786,-1.77958,-1.22303,4,3,2,5,1
0.42514,-1.50128,-1.26521,-1.91334,-1.37163,4,3,2,5,1
0.73881,-1.55621,-1.40255,-1.95793,-1.38912,4,3,2,5,1
0.97116,-1.55621,-1.31099,-1.89105,-1.38912,4,3,2,5,1
0.92469,-1.54523,-1.35677,-1.93563,-1.40660,5,4,2,3,1
1.00601,-1.55621,-1.35677,-1.91334,-1.33667,4,5,2,3,1
0.95954,-1.64411,-1.53990,-1.93563,-1.36289,3,5,2,4,1
0.95954,-1.67707,-1.53990,-1.95793,-1.27548,4,5,2,3,1
0.99439,-1.64411,-1.40255,-1.89105,-1.20554,3,5,1,4,2
1.00601,-1.62214,-1.26521,-1.80187,-1.16184,4,3,2,5,1
0.86660,-1.64411,-1.40255,-1.82416,-1.07442,5,3,2,4,1
0.84337,-1.61115,-1.44833,-1.64581,-0.92581,5,3,1,4,2
0.87822,-1.64411,-1.44833,-1.60122,-0.84714,5,3,2,4,1
0.90145,-1.67707,-1.35677,-1.55664,-0.78595,5,3,1,4,2
0.90145,-1.64411,-1.17364,-1.46746,-0.69853,5,3,1,4,2
0.83175,-1.63312,-1.03630,-1.37828,-0.49747,5,3,1,4,2
0.76204,-1.63312,-0.99052,-1.35599,-0.62860,5,3,1,4,2
0.71557,-1.65510,-0.80739,-1.35599,-0.75972,5,3,1,4,2
0.68072,-1.66608,-0.80739,-1.42287,-0.76846,5,3,1,4,2
0.56455,-1.64411,-0.85317,-1.31140,-0.83840,5,3,1,4,2
0.55293,-1.63312,-1.17364,-1.22223,-0.93455,5,3,1,4,2
0.49484,-1.53424,-1.08208,-1.17764,-1.01323,4,3,1,5,2
0.22765,-1.58917,-1.08208,-1.22223,-1.05694,4,3,1,5,2
0.26250,-1.73200,-1.08208,-1.24452,-0.94329,4,3,1,5,2
0.27412,-1.74299,-1.21943,-1.31140,-0.99574,4,3,1,5,2
0.15794,-1.77595,-1.35677,-1.37828,-1.04819,4,2,1,5,3
0.34382,-1.78694,-1.49411,-1.42287,-1.00449,4,2,1,5,3
0.58778,-1.84187,-1.44833,-1.24452,-0.95204,5,3,1,4,2
0.49484,-1.90779,-1.35677,-1.35599,-0.90833,4,3,1,5,2
0.43676,-1.87483,-1.31099,-1.44517,-0.92581,4,3,1,5,2
0.47161,-1.80891,-1.31099,-1.26681,-0.93455,4,3,1,5,2
0.51808,-1.62214,-1.31099,-1.28911,-0.85588,4,3,1,5,2
0.55293,-1.66608,-1.21943,-1.06617,-0.73350,4,3,1,5,2
0.59940,-1.69904,-1.31099,-1.08846,-0.68979,4,3,1,5,2
0.55293,-1.80891,-1.44833,-0.91011,-0.69853,4,3,1,5,2
0.47161,-1.86384,-1.58568,-1.04387,-0.79469,4,3,1,5,2
0.61102,-1.85286,-1.49411,-1.08846,-0.83840,4,3,1,5,2
0.75043,-1.89680,-1.58568,-1.13305,-0.78595,4,3,1,5,2
0.69234,-2.01766,-1.63146,-1.28911,-0.87336,4,3,1,5,2
0.75043,-2.10555,-1.67724,-1.28911,-0.83840,4,3,2,5,1
0.95954,-2.17147,-1.58568,-1.22223,-0.83840,4,3,2,5,1
0.98277,-2.03963,-1.49411,-1.08846,-0.74224,4,3,1,5,2
0.98277,-2.05062,-1.35677,-0.97699,-0.57615,4,3,1,5,2
0.87822,-2.09457,-1.35677,-1.06617,-0.63734,4,3,1,5,2
0.85498,-2.10555,-1.26521,-1.19993,-0.67230,4,3,1,5,2
0.92469,-1.91878,-1.31099,-1.22223,-0.64608,4,3,1,5,2
0.76204,-1.89680,-1.31099,-1.15534,-0.71601,4,3,1,5,2
0.76204,-1.91878,-1.26521,-1.31140,-0.75972,4,3,1,5,2
0.61102,-1.90779,-1.17364,-1.26681,-0.80343,4,3,1,5,2
0.63425,-1.76496,-1.03630,-1.35599,-0.84714,4,3,1,5,2
0.58778,-1.80891,-0.62427,-1.26681,-0.95204,4,2,1,5,3
0.75043,-1.79792,-0.44114,-1.28911,-0.85588,4,2,1,5,3
0.76204,-1.84187,-0.76161,-1.28911,-0.78595,4,2,1,5,3
0.69234,-1.83088,-0.76161,-1.19993,-0.66356,4,2,1,5,3
0.61102,-1.78694,-0.62427,-1.08846,-0.68979,4,2,1,5,3
0.58778,-1.77595,-0.71583,-0.97699,-0.75098,4,2,1,5,3
0.64587,-1.76496,-0.71583,-0.82093,-0.79469,4,2,1,5,3
0.72719,-1.73200,-0.76161,-0.86552,-0.70727,4,2,1,5,3
0.78528,-1.75398,-0.62427,-0.86552,-0.66356,4,2,1,5,3
0.83175,-1.80891,-0.62427,-0.79864,-0.66356,4,2,1,5,3
0.79690,-1.87483,-0.62427,-0.62029,-0.69853,4,2,1,5,3
0.78528,-1.87483,-0.53270,-0.77635,-0.63734,4,2,1,5,3
0.86660,-1.81990,-0.30380,-0.66488,-0.65482,4,2,1,5,3
0.43676,-1.84187,-0.39536,-0.62029,-0.76846,4,3,1,5,2
0.58778,-1.83088,-0.48692,-0.59800,-0.80343,4,3,1,5,2
0.62264,-1.84187,-0.48692,-0.50882,-0.80343,4,3,1,5,2
0.52970,-1.83088,-0.39536,-0.59800,-0.83840,4,2,1,5,3
0.55293,-1.81990,-0.30380,-0.57570,-0.89085,4,3,1,5,2
0.45999,-1.80891,-0.25802,-0.64258,-0.99574,4,2,1,5,3
0.47161,-1.87483,-0.30380,-0.59800,-1.19680,4,2,1,5,3
0.58778,-1.80891,-0.30380,-0.44194,-1.22303,4,2,1,5,3
0.65749,-1.80891,-0.34958,-0.55341,-1.30170,4,3,1,5,2
0.70396,-1.83088,-0.30380,-0.35276,-1.28422,4,3,1,5,2
0.77366,-1.78694,-0.16645,-0.35276,-1.15309,4,3,1,5,2
0.76204,-1.77595,0.15402,-0.28588,-1.12687,4,3,1,5,2
0.70396,-1.69904,0.42871,-0.04065,-1.10939,4,3,1,5,2
0.64587,-1.71003,0.61183,-0.12982,-1.20554,4,3,1,5,2
0.66911,-1.74299,0.65761,-0.10753,-1.19680,4,3,1,5,2
0.72719,-1.72102,0.42871,0.09312,-1.19680,4,3,1,5,2
0.66911,-1.69904,0.38293,0.16000,-1.20554,4,3,1,5,2
0.64587,-1.63312,0.19980,0.11541,-1.19680,4,3,1,5,2
0.61102,-1.60016,0.24558,0.20459,-1.18806,4,3,1,5,2
0.64587,-1.56720,0.33714,0.44982,-1.23177,4,3,1,5,2
0.68072,-1.60016,0.33714,0.29376,-1.28422,4,3,1,5,2
0.73881,-1.64411,0.15402,0.13771,-1.28422,4,3,1,5,2
0.79690,-1.57819,0.42871,0.04853,-1.28422,4,3,1,5,2
0.76204,-1.63312,0.29136,-0.06294,-1.30170,4,3,1,5,2
0.77366,-1.65510,0.56605,-0.15212,-1.39786,4,3,1,5,2
0.73881,-1.66608,0.29136,-0.28588,-1.44157,4,3,1,5,2
0.73881,-1.66608,0.33714,-0.24129,-1.45905,4,3,1,5,2
0.69234,-1.64411,0.33714,-0.24129,-1.53772,4,3,1,5,2
0.64587,-1.63312,-0.02911,-0.26359,-1.62514,4,3,1,5,2
0.63425,-1.66608,-0.12067,-0.35276,-1.59892,4,3,1,5,2
0.78528,-1.63312,-0.02911,-0.28588,-1.47653,4,3,1,5,2
0.62264,-1.66608,-0.12067,-0.37506,-1.54647,4,3,1,5,2
0.56455,-1.88582,0.24558,-0.37506,-2.07096,4,3,1,5,2
0.54131,-1.99569,0.24558,-0.46423,-2.29825,4,2,1,5,3
0.65749,-1.99569,0.29136,-0.46423,-2.31573,4,3,1,5,2
0.66911,-2.02865,0.56605,-0.21900,-2.22831,4,3,1,5,2
0.59940,-2.05062,0.56605,-0.10753,-2.20209,4,2,1,5,3
0.58778,-1.98470,0.42871,0.00394,-2.24580,4,2,1,5,3
0.69234,-2.00667,0.42871,0.02624,-2.21957,4,2,1,5,3
0.95954,-1.80891,0.47449,0.04853,-2.14964,4,3,1,5,2
1.05248,-1.64411,0.38293,0.18229,-2.02726,4,3,1,5,2
0.98277,-1.29253,0.65761,0.82882,-1.72130,4,2,1,5,3
0.85498,-1.17168,0.74918,0.87341,-1.66885,4,2,1,5,3
0.85498,-1.21562,0.88652,0.73964,-1.70382,4,2,1,5,3
1.00601,-1.31451,0.52027,0.96258,-1.79997,4,2,1,5,3
1.04086,-1.44635,0.42871,1.16323,-1.73878,4,2,1,5,3
0.83175,-1.39141,0.24558,1.31929,-1.65137,4,2,1,5,3
0.86660,-1.32549,0.29136,1.31929,-1.66011,4,2,1,5,3
0.92469,-1.23760,0.38293,1.14094,-1.64262,4,2,1,5,3
1.06410,-1.33648,0.24558,0.96258,-1.61640,4,2,1,5,3
1.09895,-1.35845,-0.12067,0.94029,-1.54647,4,2,1,5,3
1.27321,-1.57819,-0.67005,1.07405,-1.40660,4,2,1,5,3
1.22674,-1.53424,-0.76161,0.89570,-1.45031,4,2,1,5,3
1.30806,-1.40240,-0.53270,1.29699,-1.07442,4,2,1,5,3
1.21512,-1.49029,-0.44114,1.18552,-1.18806,4,2,1,5,3
1.33129,-1.44635,-0.48692,1.31929,-1.22303,4,2,1,5,3
1.24997,-1.53424,-0.25802,1.29699,-0.96952,4,2,1,5,3
0.95954,-1.63312,-0.21223,1.25241,-0.77720,3,2,1,5,4
0.85498,-1.49029,-0.16645,1.09635,-0.83840,3,2,1,5,4
0.93630,-1.54523,0.06246,0.94029,-0.96078,3,2,1,5,4
1.02924,-1.62214,-0.25802,1.00717,-1.03071,3,2,1,5,4
1.06410,-1.63312,-0.34958,0.82882,-1.10064,3,2,1,5,4
0.93630,-1.65510,-0.34958,0.76194,-1.11813,3,2,1,5,4
0.88983,-1.62214,-0.62427,0.78423,-1.21428,3,2,1,5,4
0.92469,-1.55621,-0.99052,0.56129,-1.35415,3,2,1,5,4
0.83175,-1.55621,-0.94474,0.67276,-1.26673,3,2,1,5,4
0.76204,-1.68806,-1.08208,0.49441,-1.34541,4,2,1,5,3
0.86660,-1.66608,-1.40255,0.38294,-1.41534,4,2,1,5,3
0.95954,-1.66608,-1.53990,0.18229,-1.43283,4,2,1,5,3
1.05248,-1.71003,-1.53990,0.20459,-1.38912,4,2,1,5,3
1.07571,-1.72102,-1.40255,0.27147,-1.39786,4,2,1,5,3
1.14542,-1.71003,-1.26521,0.71735,-1.40660,4,2,1,5,3
1.14542,-1.71003,-1.26521,0.62817,-1.39786,4,2,1,5,3
1.14542,-1.73200,-1.08208,0.67276,-1.38912,4,2,1,5,3
1.07571,-1.78694,-1.21943,0.67276,-1.42408,4,2,1,5,3
0.97116,-1.76496,-1.12786,0.71735,-1.42408,4,2,1,5,3
0.91307,-1.77595,-1.12786,0.71735,-1.45031,4,2,1,5,3
0.97116,-1.35845,-1.12786,0.87341,-1.47653,4,2,1,5,3
0.97116,-1.30352,-1.17364,0.85111,-1.51150,3,2,1,5,4
0.93630,-1.32549,-1.08208,1.00717,-1.50276,3,2,1,5,4
0.93630,-1.27056,-1.03630,1.23011,-1.52898,3,2,1,5,4
0.85498,-1.28155,-1.17364,1.20782,-1.57269,3,1,2,5,4
0.86660,-1.30352,-1.21943,1.34158,-1.65137,3,1,2,5,4
0.85498,-1.29253,-1.21943,1.43076,-1.72130,3,1,2,5,4
0.91307,-1.27056,-1.12786,1.58681,-1.66011,3,1,2,5,4
0.90145,-1.09477,-1.03630,2.03269,-1.67759,3,1,2,5,4
0.94792,-1.03984,-1.03630,2.30022,-1.56395,3,1,2,5,4
0.90145,-0.98490,-0.99052,2.23334,-1.55521,3,1,2,5,4
0.84337,-0.91898,-0.99052,1.94352,-1.63388,3,1,2,5,4
0.83175,-0.84207,-0.89896,1.98811,-1.61640,3,1,2,5,4
0.86660,-0.84207,-0.89896,1.69828,-1.42408,3,1,2,5,4
0.90145,-0.84207,-0.89896,2.12187,-1.38912,3,1,2,5,4
1.04086,-0.92997,-0.89896,2.03269,-1.36289,3,1,2,5,4
1.01763,-1.05082,-1.08208,1.72058,-1.38038,3,1,2,5,4
1.01763,-1.00688,-1.17364,1.85434,-1.41534,3,1,2,5,4
0.91307,-1.12773,-1.26521,1.56452,-1.40660,3,1,2,5,4
0.87822,-0.99589,-1.26521,1.45305,-1.35415,3,1,2,5,4
0.84337,-0.91898,-1.21943,1.72058,-1.26673,3,1,2,5,4
0.83175,-0.91898,-1.08208,1.80975,-1.24051,3,1,2,5,4
0.80851,-0.94095,-1.03630,1.74287,-1.26673,3,1,2,5,4
0.79690,-0.92997,-1.03630,1.83205,-1.22303,3,1,2,5,4
0.84337,-0.78714,-0.89896,1.83205,-1.17058,3,1,2,5,4
0.86660,-0.76517,-0.94474,2.03269,-0.95204,3,2,1,5,4
0.82013,-0.76517,-1.08208,2.16646,-0.82965,3,1,2,5,4
0.80851,-0.78714,-0.99052,1.72058,-0.75098,3,2,1,5,4
0.88983,-0.62234,-1.08208,1.76517,-0.73350,3,2,1,5,4
0.91307,-0.56740,-1.08208,2.05499,-0.98700,3,2,1,5,4
0.90145,-0.61135,-1.31099,1.72058,-0.95204,3,2,1,5,4
0.76204,-0.65530,-1.12786,1.74287,-0.84714,3,2,1,5,4
0.73881,-0.58938,-1.03630,1.63140,-0.91707,3,2,1,5,4
0.72719,-0.55642,-0.94474,1.54223,-0.84714,3,2,1,5,4
0.70396,-0.43556,-0.44114,1.63140,-0.88210,3,1,2,5,4
0.73881,-0.49050,-0.44114,1.69828,-0.95204,3,1,2,5,4
0.80851,-0.43556,-0.34958,1.58681,-0.88210,3,1,2,5,4
0.84337,-0.39162,-0.67005,1.78746,-0.84714,3,1,2,5,4
0.84337,-0.34767,-0.80739,1.96581,-0.84714,3,1,2,5,4
0.85498,-0.34767,-0.48692,1.98811,-0.82091,3,1,2,5,4
0.94792,-0.38063,-0.76161,2.12187,-0.77720,4,1,2,5,3
0.84337,-0.47951,-0.94474,1.87664,-0.66356,4,1,2,5,3
0.84337,-0.43556,-0.89896,1.89893,-0.75098,4,1,2,5,3
0.82013,-0.42458,-1.08208,1.89893,-0.80343,3,1,2,5,4
0.76204,-0.44655,-1.08208,1.96581,-0.81217,3,1,2,5,4
0.80851,-0.44655,-1.08208,2.16646,-0.79469,3,1,2,5,4
0.75043,-0.43556,-1.12786,2.21105,-0.70727,3,1,2,5,4
0.75043,-0.41359,-0.94474,2.47857,-0.68979,3,1,2,5,4
0.77366,-0.38063,-1.03630,2.14416,-0.70727,3,1,2,5,4
0.82013,-0.38063,-0.99052,2.05499,-0.78595,3,1,2,5,4
0.75043,-0.44655,-0.85317,2.07728,-0.75972,3,1,2,5,4
0.78528,-0.43556,-0.80739,2.18875,-0.76846,3,1,2,5,4
0.82013,-0.41359,-0.71583,2.47857,-0.66356,3,1,2,5,4
0.83175,-0.45754,-0.71583,2.56775,-0.67230,3,1,2,5,4
0.97116,-0.51247,-0.48692,2.63463,-0.66356,3,1,2,5,4
1.01763,-0.49050,-0.34958,2.52316,-0.55866,3,1,2,5,4
0.97116,-0.36964,-0.39536,2.45628,-0.45376,3,1,2,5,4
0.95954,-0.35866,-0.39536,2.32252,-0.31390,3,1,2,5,4
0.94792,-0.35866,-0.57849,2.21105,-0.40131,3,1,2,5,4
0.91307,-0.43556,-0.44114,2.23334,-0.51496,3,1,2,5,4
0.93630,-0.41359,-0.48692,1.96581,-0.58489,3,1,2,5,4
0.91307,-0.44655,-0.34958,1.94352,-0.54992,3,1,2,5,4
0.94792,-0.44655,-0.30380,1.96581,-0.48873,3,1,2,5,4
0.92469,-0.47951,-0.53270,1.98811,-0.49747,3,1,2,5,4
0.97116,-0.50148,-0.39536,1.89893,-0.44502,3,1,2,5,4
1.06410,-0.45754,-0.34958,2.03269,-0.46251,3,1,2,5,4
1.02924,-0.43556,-0.34958,2.07728,-0.43628,3,1,2,5,4
1.07571,-0.34767,-0.34958,1.98811,-0.49747,3,1,2,5,4
0.98277,-0.34767,-0.39536,1.98811,-0.54992,3,1,2,5,4
1.00601,-0.23780,-0.39536,1.98811,-0.66356,3,1,2,5,4
0.83175,-0.20484,-0.44114,2.05499,-0.68979,3,1,2,5,4
0.71557,-0.20484,-0.44114,1.83205,-0.75972,3,1,2,5,4
0.72719,-0.32569,-0.44114,1.76517,-0.74224,3,1,2,5,4
0.69234,-0.27076,-0.21223,1.83205,-0.57615,3,1,2,5,4
0.70396,-0.28175,-0.34958,1.87664,-0.61985,3,2,1,5,4
0.72719,-0.18287,-0.30380,1.87664,-0.73350,3,2,1,5,4
0.75043,-0.10596,-0.25802,1.96581,-0.57615,3,2,1,5,4
0.72719,-0.12793,-0.30380,2.01040,-0.52370,3,2,1,5,4
0.65749,-0.16089,-0.44114,1.98811,-0.49747,3,2,1,5,4
0.62264,-0.14991,-0.39536,1.98811,-0.47999,3,2,1,5,4
0.58778,-0.09497,-0.12067,1.98811,-0.44502,3,2,1,5,4
0.59940,-0.19385,-0.16645,1.92122,-0.44502,3,1,2,4,5
0.66911,-0.17188,-0.34958,1.96581,-0.36635,3,1,2,5,4
0.70396,-0.14991,-0.30380,2.01040,-0.27019,3,1,2,5,4
0.71557,-0.01807,-0.25802,2.07728,-0.16529,3,1,2,4,5
0.71557,0.01490,-0.30380,2.05499,-0.09536,3,1,2,4,5
0.71557,-0.01807,-0.25802,2.12187,-0.15655,3,1,2,5,4
0.68072,0.00391,-0.12067,2.12187,-0.13032,3,1,2,4,5
0.64587,0.00391,-0.07489,2.38940,-0.13032,3,1,2,5,4
0.54131,0.03687,0.01667,2.59004,-0.25271,3,1,2,5,4
0.49484,0.04786,0.19980,2.50087,-0.36635,3,1,2,5,4
0.54131,0.01490,0.10824,2.43399,-0.54992,3,1,2,5,4
0.55293,0.04786,0.15402,2.16646,-0.69853,3,1,2,5,4
0.56455,0.04786,0.15402,2.34481,-0.65482,3,1,2,4,5
0.52970,-0.05103,0.15402,2.14416,-0.47999,2,1,3,4,5
0.59940,-0.08399,0.24558,2.07728,-0.41006,2,1,3,4,5
0.79690,0.05884,0.38293,2.12187,-0.27019,3,1,2,4,5
0.78528,0.09180,0.38293,2.18875,-0.26145,3,1,2,4,5
0.68072,0.00391,0.29136,2.03269,-0.31390,3,1,2,4,5
0.70396,0.00391,0.29136,2.03269,-0.46251,3,1,2,4,5
0.70396,-0.02905,0.29136,1.83205,-0.47999,3,1,2,4,5
0.77366,-0.04004,0.24558,2.18875,-0.50621,3,1,2,4,5
0.79690,-0.01807,0.29136,2.01040,-0.49747,3,1,2,4,5
0.82013,0.00391,0.33714,2.01040,-0.53244,3,1,2,4,5
0.78528,0.01490,0.38293,2.03269,-0.56741,3,1,2,4,5
0.75043,0.01490,0.38293,2.07728,-0.52370,3,1,2,4,5
0.77366,0.02588,0.47449,2.05499,-0.61985,3,1,2,4,5
0.82013,0.02588,0.33714,2.14416,-0.72475,3,1,2,5,4
0.88983,0.05884,0.33714,2.16646,-0.71601,3,1,2,5,4
0.77366,0.02588,0.10824,2.23334,-0.84714,3,1,2,5,4
0.69234,0.02588,-0.21223,2.09958,-0.67230,2,1,3,4,5
0.73881,0.24562,0.10824,2.36710,-0.37509,2,1,3,4,5
0.95954,0.01490,0.24558,2.16646,-0.47999,2,1,3,5,4
0.99439,-0.13892,0.15402,2.21105,-0.68105,3,1,2,5,4
0.99439,-0.13892,0.10824,2.25563,-0.53244,3,1,2,5,4
1.00601,-0.19385,0.10824,1.85434,-0.68105,3,1,2,5,4
1.02924,-0.33668,0.06246,1.63140,-0.68979,3,1,2,5,4
1.13380,-0.21583,0.06246,1.47534,-0.44502,3,1,2,5,4
1.12218,-0.25977,-0.12067,1.40846,-0.39257,3,1,2,5,4
1.09895,-0.12793,-0.12067,1.31929,-0.36635,3,1,2,5,4
1.08733,-0.12793,-0.07489,1.34158,-0.34012,3,1,2,5,4
1.16865,-0.13892,-0.02911,1.25241,-0.33138,3,1,2,5,4
1.31968,-0.16089,0.15402,1.38617,-0.21774,3,1,2,5,4
1.34291,-0.14991,0.10824,1.54223,-0.07787,3,1,2,5,4
1.28482,-0.14991,0.15402,1.47534,-0.20900,3,1,2,5,4
1.22674,-0.18287,0.06246,1.29699,-0.33138,3,1,2,5,4
1.12218,-0.24879,0.15402,1.14094,-0.47125,3,1,2,5,4
1.11056,-0.24879,0.10824,1.18552,-0.42754,3,1,2,5,4
0.99439,-0.28175,0.10824,1.09635,-0.37509,4,1,2,5,3
1.02924,-0.38063,0.24558,1.23011,-0.40131,5,1,2,4,3
1.06410,-0.30372,0.29136,1.16323,-0.34886,4,1,2,5,3
1.02924,-0.24879,0.38293,1.36387,-0.22648,5,1,2,4,3
1.12218,-0.28175,0.38293,1.38617,-0.15655,4,1,2,5,3
1.09895,-0.27076,0.42871,1.31929,-0.22648,3,2,1,5,4
1.09895,-0.19385,0.52027,1.31929,-0.26145,3,1,2,5,4
1.14542,0.14674,0.38293,1.27470,-0.12158,3,1,2,5,4
1.20350,0.48733,0.38293,1.27470,-0.09536,3,1,2,5,4
1.18027,0.42141,0.47449,1.40846,0.07948,3,1,2,5,4
1.15703,0.20167,0.24558,1.23011,0.07073,3,1,2,5,4
1.19189,0.21266,0.33714,0.98488,0.26305,3,2,1,5,4
1.18027,0.23463,0.33714,0.98488,0.26305,3,2,1,5,4
1.13380,0.26759,0.42871,0.96258,0.13193,3,2,1,5,4
1.02924,0.26759,0.29136,0.73964,0.00080,3,2,1,5,4
