528,10,11
-0.26370,-0.46692,-0.06821,0.77111,-0.01011,0.55738,-0.21837,0.22859,-0.49418,-0.43693,2,1,3,7,8,9,10,11,4,6,5
-0.11756,-0.44234,-0.08051,0.54111,-0.05912,0.75087,-0.20136,0.21578,-0.32101,-0.22497,3,2,1,6,7,8,9,10,5,11,4
0.44778,-0.31695,-0.53282,-0.13556,-0.28247,0.51439,-0.34830,0.32771,-0.44969,0.06047,5,2,1,4,6,7,8,9,10,11,3
0.36956,-0.02867,-0.49282,0.34500,-0.45730,0.19886,-0.34014,0.03034,0.04175,-0.42458,5,6,8,3,1,4,7,9,10,11,2
0.22389,0.01197,-0.15846,0.37278,-0.75038,0.01170,0.31361,-0.22927,0.29364,-0.16515,6,7,8,5,1,2,4,9,10,11,3
0.10492,0.00441,-0.11180,0.24111,-0.72764,0.06924,0.19320,-0.29400,0.26694,-0.14499,7,8,9,5,1,2,4,10,6,11,3
-0.19016,0.19660,0.05333,0.36500,-0.93330,0.09896,0.26463,0.17532,0.36208,-0.14564,8,9,10,11,4,5,2,3,1,7,6
-0.40515,0.12760,0.33897,0.76667,-0.84235,-0.09643,-0.25034,0.54080,0.49760,-0.10338,4,5,6,7,8,9,3,1,2,10,11
-0.36721,0.06805,-0.20615,0.16500,-0.26630,0.59026,-0.30272,0.49764,-0.01027,-0.18986,4,5,9,7,8,10,11,6,1,3,2
-0.26792,-0.02773,-0.43128,0.65944,0.10763,0.52577,-0.27143,0.34525,0.14511,-0.45124,3,5,8,6,9,10,11,7,1,4,2
0.02061,-0.05072,-0.30974,0.19222,-0.34664,0.40500,-0.34558,0.32974,0.09172,-0.44278,6,5,9,3,2,7,8,10,4,11,1
-0.27026,-0.48110,-0.03231,0.73000,-0.03739,0.64464,-0.19456,0.23399,-0.44148,-0.43628,2,1,3,7,8,9,10,11,4,5,6
-0.07541,-0.46125,-0.16564,0.54000,-0.05205,0.73949,-0.22313,0.37829,-0.42574,-0.12029,3,1,2,6,7,8,9,10,5,11,4
0.44075,-0.29805,-0.56154,-0.15000,-0.28095,0.54031,-0.38163,0.35266,-0.51403,0.07477,5,2,1,4,6,7,8,9,10,11,3
0.36159,-0.03655,-0.49692,0.32778,-0.41081,0.03825,-0.15442,-0.12947,0.18549,-0.40182,5,6,8,1,2,4,7,9,10,11,3
0.25105,0.07687,-0.24974,0.30111,-0.71703,0.17610,0.17347,-0.15981,0.31554,-0.31925,7,8,9,5,1,2,4,10,6,11,3
0.11710,0.03245,-0.10308,0.22778,-0.76857,0.12235,0.21225,-0.30142,0.27926,-0.20546,7,8,9,6,1,2,4,10,5,11,3
-0.23700,0.14934,0.09179,0.42833,-0.91208,-0.07872,0.27619,0.11126,0.38809,-0.07607,8,9,10,11,4,5,1,3,2,7,6
-0.40984,0.11027,0.34051,0.76722,-0.88833,-0.11287,-0.24830,0.57653,0.51335,-0.09818,4,5,6,7,8,9,3,1,2,10,11
-0.33115,0.02331,-0.34000,0.11944,-0.25366,0.47961,-0.04558,0.22792,0.37235,-0.28479,5,7,9,4,8,10,11,6,1,3,2
-0.27963,-0.02804,-0.44513,0.68333,0.09702,0.52261,-0.26259,0.37424,0.05886,-0.38427,3,5,8,6,9,10,11,7,1,4,2
0.06089,-0.07908,-0.32308,0.22056,-0.38454,0.35062,-0.33674,0.48011,0.05613,-0.45514,6,5,9,3,2,7,8,10,4,11,1
-0.27588,-0.49244,-0.05333,0.77778,-0.02324,0.59469,-0.19864,0.25624,-0.35866,-0.45449,2,1,3,7,8,9,10,11,4,5,6
-0.04169,-0.47007,-0.22256,0.45333,-0.07580,0.74328,-0.10068,0.35941,-0.23272,-0.18401,3,1,2,6,7,8,9,10,5,11,4
0.45480,-0.27253,-0.59897,-0.08889,-0.20718,0.51122,-0.39592,0.35064,-0.48118,-0.00585,5,2,1,4,6,7,8,9,10,11,3
0.35785,-0.04852,-0.49897,0.34889,-0.42547,0.12362,-0.28640,0.01214,0.12663,-0.45839,5,6,8,3,1,4,7,9,10,11,2
0.20656,0.07782,-0.30359,0.28889,-0.63618,0.22099,-0.00272,-0.04855,0.19918,-0.35306,7,8,9,4,1,3,5,10,6,11,2
0.08852,0.07278,-0.15026,0.16167,-0.71198,0.04584,0.35034,-0.38571,0.24572,-0.16905,6,7,8,9,1,2,4,10,5,11,3
-0.26183,0.11027,0.07333,0.34500,-0.78070,-0.39741,0.49796,0.06136,0.33881,0.09038,8,9,10,11,3,4,1,2,5,6,7
-0.42623,0.13390,0.32769,0.69000,-0.94290,-0.10718,-0.18844,0.54821,0.49144,-0.06697,4,5,6,7,8,9,3,1,2,10,11
-0.29789,-0.02647,-0.32513,0.14222,-0.31278,0.60228,-0.19048,0.49225,0.21287,-0.14109,5,4,9,6,7,10,11,8,2,3,1
-0.31101,-0.02142,-0.43436,0.66444,0.09955,0.56687,-0.30544,0.34862,-0.01164,-0.24707,2,4,8,6,9,10,11,7,1,5,3
0.10164,-0.08601,-0.30923,0.21000,-0.40425,0.40753,-0.36803,0.51652,-0.03559,-0.38036,6,5,9,3,2,7,8,10,4,11,1
-0.25668,-0.50252,-0.08769,0.75944,-0.02324,0.58773,-0.14014,0.25017,-0.29090,-0.45579,2,1,3,7,8,9,10,11,4,5,6
0.00656,-0.48803,-0.27385,0.37222,-0.10460,0.78691,-0.09728,0.40863,-0.14100,-0.10208,3,1,2,6,7,8,9,10,5,11,4
0.46604,-0.26780,-0.63641,0.01111,-0.18696,0.45179,-0.34626,0.36750,-0.48871,-0.01951,5,2,1,4,6,7,8,9,10,11,3
0.36862,-0.01733,-0.55333,0.33111,-0.36786,0.18875,-0.32789,0.00405,0.05613,-0.43693,5,6,8,1,2,4,7,9,10,11,3
0.16487,0.05262,-0.31026,0.29556,-0.50985,0.26842,-0.14218,-0.01214,0.09856,-0.32965,7,8,9,3,1,4,6,10,5,11,2
0.02857,0.10460,-0.18564,0.10167,-0.59778,-0.12615,0.46054,-0.43291,0.12800,-0.00910,5,6,7,8,1,2,3,9,10,11,4
-0.22623,0.07120,0.04718,0.36778,-0.81708,-0.25071,0.41701,0.08833,0.40726,0.01560,8,9,10,11,2,3,1,4,5,7,6
-0.46745,0.12004,0.35333,0.64722,-0.74027,-0.50111,0.19660,0.04181,0.63450,0.17360,6,7,8,9,10,5,2,1,3,4,11
-0.25386,-0.10208,-0.30923,0.17111,-0.29965,0.56118,-0.21769,0.60418,0.26489,-0.15995,5,3,8,6,9,10,11,7,2,4,1
-0.28618,-0.03655,-0.54154,0.67333,0.13694,0.42902,-0.10748,0.16925,0.24504,-0.37191,4,5,8,6,9,10,11,7,1,2,3
0.18080,-0.07813,-0.37128,0.15722,-0.41233,0.44483,-0.35782,0.54956,-0.10335,-0.25943,5,4,8,3,2,7,9,10,6,11,1
-0.24216,-0.50725,-0.12564,0.73111,-0.01364,0.57951,-0.04762,0.20432,-0.23272,-0.50975,1,2,3,7,8,9,10,11,4,5,6
0.01405,-0.47669,-0.32205,0.30500,-0.12026,0.77932,-0.08095,0.41875,-0.16564,-0.03641,3,1,2,6,7,8,9,10,5,11,4
0.38454,-0.31443,-0.60821,0.03500,-0.19000,0.44736,-0.37211,0.38503,-0.50171,0.01560,4,2,1,5,6,7,8,9,10,11,3
0.36393,-0.01638,-0.59385,0.37444,-0.36028,0.19064,-0.36735,0.08294,-0.06913,-0.40117,4,6,8,2,1,5,7,9,10,11,3
0.07728,0.00882,-0.30462,0.28222,-0.38555,0.23111,-0.09592,-0.15981,0.08419,-0.25813,6,7,9,3,2,4,8,10,5,11,1
-0.00609,0.13831,-0.22359,0.04000,-0.51592,-0.12804,0.45238,-0.43156,0.04928,0.06697,6,7,8,4,1,2,3,9,10,11,5
-0.17939,0.05860,-0.02974,0.30333,-0.85548,-0.09200,0.35646,0.14161,0.42779,-0.04486,8,9,10,11,2,4,1,5,3,7,6
-0.53021,0.17234,0.30051,0.52222,-0.98029,-0.10149,0.01156,0.42482,0.51882,-0.10403,4,5,6,7,8,9,3,1,2,10,11
-0.21874,-0.16037,-0.35026,0.17111,-0.31380,0.52703,-0.21225,0.65273,0.22793,-0.02341,4,3,7,5,8,9,10,11,2,6,1
-0.28478,-0.03970,-0.61077,0.67778,0.12532,0.40942,-0.08571,0.24545,0.27173,-0.50520,3,5,8,6,9,10,11,7,1,2,4
0.22482,-0.10712,-0.36513,0.14722,-0.47852,0.34556,-0.32857,0.55024,0.00137,-0.26723,6,4,9,3,2,5,8,10,7,11,1
-0.24731,-0.52458,-0.15333,0.77500,-0.00253,0.56687,-0.01973,0.20094,-0.25462,-0.55982,1,2,3,7,8,9,10,11,4,5,6
-0.04450,-0.44423,-0.30308,0.28889,-0.12127,0.80209,-0.09864,0.34862,-0.27310,-0.02926,3,2,1,6,7,8,9,10,5,11,4
0.36253,-0.33081,-0.56872,0.03556,-0.17180,0.47139,-0.37415,0.42414,-0.50308,0.04031,4,2,1,5,6,7,8,9,10,11,3
0.33162,-0.05451,-0.52256,0.42833,-0.33906,0.12362,-0.34354,0.10452,-0.08693,-0.38622,5,6,8,1,3,4,7,9,10,11,2
-0.03045,-0.00851,-0.30462,0.30556,-0.30874,0.30256,-0.19524,-0.11733,-0.04517,-0.27698,6,7,10,2,3,5,8,11,4,9,1
0.00515,0.14871,-0.23846,0.05833,-0.57959,0.07240,0.26803,-0.40054,0.14990,-0.00845,7,8,9,5,1,2,4,10,6,11,3
-0.18595,0.08759,-0.14513,0.17500,-0.78929,0.02118,0.33265,0.10856,0.39562,-0.08127,8,9,10,11,1,4,3,6,2,7,5
-0.54426,0.16919,0.29385,0.42611,-1.00000,-0.12109,0.12721,0.42684,0.49076,-0.09818,4,5,6,7,8,9,3,1,2,10,11
-0.22014,-0.20227,-0.35385,0.24000,-0.27994,0.62504,-0.22449,0.77074,-0.08556,0.10078,5,2,4,6,8,9,10,11,3,7,1
-0.37143,-0.01260,-0.56872,0.67833,0.09702,0.49668,-0.28980,0.45314,0.03149,-0.55852,3,5,7,8,9,10,11,6,1,2,4
0.19204,-0.12098,-0.33897,0.19444,-0.46387,0.31268,-0.34490,0.52259,0.01506,-0.36996,7,4,9,3,2,5,8,10,6,11,1
-0.48056,-0.53277,0.48769,0.01778,0.57251,0.43535,0.49660,-0.10384,-0.43258,-0.34200,1,2,5,6,7,8,9,10,4,3,11
0.79813,-0.60807,-0.23897,-0.43278,-0.16321,0.25008,0.49048,0.42684,0.48597,0.12029,2,1,3,4,5,6,7,8,9,10,11
0.59016,-0.45432,-0.21026,-0.40667,0.11774,0.00285,0.14354,0.18341,-0.06023,-0.08062,6,2,1,3,7,5,8,9,10,11,4
0.52553,-0.09609,-0.54154,-0.01167,0.00606,-0.45748,0.06871,0.08833,-0.02601,-0.22692,4,5,6,1,7,2,8,9,10,11,3
0.19766,0.15438,0.27128,-0.17833,-0.46236,-0.27917,-0.02585,0.06136,0.43806,-0.15605,6,7,8,9,1,2,3,10,5,11,4
0.35363,-0.18809,0.43949,-0.26444,-0.06569,-0.47076,-0.01837,-0.31895,0.68720,0.10663,7,4,8,5,6,1,3,9,10,11,2
-0.03045,0.44550,-0.23539,-0.43611,-0.02122,-0.66867,0.13878,0.29737,0.47844,-0.06827,7,8,9,10,5,6,1,3,2,4,11
-0.40515,0.45778,0.52462,-0.49833,-0.49116,-0.40752,0.24762,0.35132,0.05065,0.51365,5,6,7,8,9,10,2,1,3,4,11
-0.50820,0.32672,0.35590,-0.03056,-0.41435,-0.06608,0.10544,0.03169,0.49076,0.62744,6,7,8,9,10,5,4,3,1,2,11
-0.67635,0.10429,0.23026,0.06778,-0.19202,0.31647,0.18027,0.03506,0.21424,0.59233,5,6,7,8,9,10,11,3,2,1,4
-0.00562,-0.16100,0.30000,-0.33722,-0.09146,0.10402,0.07619,-0.17869,0.17317,0.00520,10,6,8,3,5,2,7,11,4,9,1
-0.56159,-0.54757,0.64872,0.15056,0.54977,0.33102,0.52925,-0.07889,-0.46201,-0.33355,1,2,5,6,7,8,9,10,4,3,11
0.66464,-0.58097,-0.26000,-0.39500,-0.08489,0.36390,0.47959,0.41133,0.30801,-0.01105,2,1,3,5,6,7,8,9,10,11,4
0.64028,-0.44550,-0.21333,-0.40944,0.08489,0.02561,0.14422,0.25219,-0.05270,-0.11704,6,2,1,3,7,5,8,9,10,11,4
0.52646,-0.13579,-0.42974,-0.15889,-0.00303,-0.36390,0.01361,0.09845,0.03696,-0.17425,6,4,5,1,7,2,8,9,10,11,3
0.19016,0.25079,0.15692,-0.23278,-0.43760,-0.16409,-0.04762,0.17397,0.29911,-0.22107,6,7,8,9,1,2,3,10,5,11,4
0.29742,-0.15280,0.47333,-0.40333,-0.01971,-0.52134,0.04558,-0.24612,0.64613,0.07542,7,4,8,5,6,1,3,9,10,11,2
-0.03279,0.37051,-0.07487,-0.23500,-0.27539,-0.50933,-0.13605,0.19285,0.77618,-0.13654,7,8,9,10,3,4,1,5,2,6,11
-0.38689,0.53119,0.44667,-0.58889,-0.47448,-0.31015,0.35918,0.41942,-0.02259,0.44018,5,6,7,8,9,10,2,1,3,4,11
-0.55785,0.34972,0.36359,-0.20167,-0.34310,-0.13500,0.11293,0.09171,0.33676,0.54486,6,7,8,9,10,5,4,2,1,3,11
-0.73724,0.17486,0.28205,0.16111,-0.32946,0.43535,0.13129,-0.10384,0.36550,0.27308,3,4,5,6,7,8,9,10,2,1,11
0.02155,-0.22527,0.43641,-0.28444,-0.22385,0.13879,0.28571,-0.22050,-0.04723,0.14109,9,5,7,3,4,2,8,11,6,10,1
-0.65433,-0.48110,0.71539,0.29333,0.46791,0.33291,0.48980,-0.27377,-0.50582,-0.31535,1,2,4,5,6,7,8,9,10,3,11
0.57143,-0.57877,-0.24308,-0.34944,-0.00202,0.45242,0.43469,0.39447,0.20945,-0.10923,2,1,3,5,6,7,8,9,10,11,4
0.51522,-0.47606,-0.21026,-0.35611,0.04194,0.12868,0.13197,0.19420,-0.11704,-0.13199,6,2,1,3,7,5,8,9,10,11,4
0.54426,-0.13453,-0.41282,-0.22444,-0.03284,-0.31141,0.04898,0.02630,0.09788,-0.19701,5,4,6,1,7,2,8,9,10,11,3
0.17611,0.29301,0.07590,-0.19944,-0.40930,-0.19317,-0.06871,0.22185,0.21971,-0.24903,6,7,8,9,1,3,2,10,4,11,5
0.24450,-0.24669,0.49077,-0.22944,-0.25114,-0.45874,0.14422,-0.34862,0.55578,0.13979,7,5,8,6,4,1,3,9,10,11,2
0.01030,0.37933,0.01231,-0.26444,-0.40627,-0.28233,-0.13742,0.18139,0.71458,-0.10793,7,8,9,10,2,4,1,5,3,6,11
-0.35785,0.58129,0.33744,-0.58167,-0.46387,-0.26336,0.54490,0.46190,-0.09788,0.36411,5,6,7,8,9,10,2,1,3,4,11
-0.58408,0.30025,0.47282,-0.10111,-0.47903,-0.19886,0.12653,0.05260,0.19370,0.51756,6,7,8,9,10,5,4,1,2,3,11
-0.74942,0.20069,0.31385,0.18833,-0.39667,0.47265,0.07891,-0.07687,0.27789,0.27178,3,4,5,6,7,8,9,10,2,1,11
0.07213,-0.12098,0.27436,-0.41333,-0.15968,0.27727,0.30612,-0.24612,-0.13279,0.07087,8,6,9,2,4,3,7,10,5,11,1
-0.65621,-0.52111,0.83282,0.39833,0.41940,0.19697,0.33401,-0.30614,-0.71390,-0.24577,1,2,4,5,6,7,8,9,10,3,11
0.55316,-0.60239,-0.22205,-0.30167,-0.00657,0.48277,0.37687,0.41740,0.13416,-0.07932,2,1,3,5,6,7,8,9,10,11,4
0.52974,-0.48771,-0.26462,-0.34389,0.01415,0.11476,0.10544,0.21511,-0.08693,-0.06762,6,2,1,3,7,5,8,9,10,11,4
0.54520,-0.10901,-0.47077,-0.22667,0.01516,-0.30066,0.02041,-0.01821,0.08556,-0.21587,5,4,6,1,7,2,8,9,10,11,3
0.16487,0.34594,-0.01179,-0.26000,-0.40222,-0.12488,-0.00884,0.14161,0.20260,-0.31730,6,7,8,9,1,3,2,10,4,11,5
0.32365,-0.20762,0.41487,-0.23944,-0.27489,-0.37022,0.00408,-0.25556,0.61328,0.14955,7,6,8,5,4,1,3,9,10,11,2
-0.00749,0.35098,0.11795,-0.22611,-0.40829,-0.34809,-0.10884,0.11935,0.75975,0.03251,7,8,9,10,2,3,1,5,4,6,11
-0.39391,0.50284,0.48513,-0.51222,-0.50632,-0.46064,0.45714,0.53068,-0.12047,0.38297,5,6,7,8,9,10,2,1,3,4,11
-0.54145,0.35759,0.49487,0.05889,-0.61951,-0.12425,0.13605,0.02832,0.19233,0.40897,6,7,8,9,10,5,4,1,2,3,11
-0.78829,0.25079,0.32872,0.17000,-0.32289,0.23301,0.18503,-0.17262,0.35661,0.29129,3,4,5,6,7,8,9,10,2,1,11
0.06136,-0.05545,0.11539,-0.35000,-0.15109,0.38856,0.05510,-0.19690,0.11841,-0.27438,7,6,8,2,3,5,9,10,4,11,1
-0.57986,-0.63201,0.81077,0.44500,0.42193,0.01107,0.15306,-0.25826,-0.81451,-0.19831,1,2,4,5,6,7,8,9,10,3,11
0.48056,-0.57814,-0.20564,-0.23778,0.11622,0.51565,0.31293,0.43493,0.08419,-0.16385,2,1,3,5,6,7,8,9,10,11,4
0.59579,-0.46282,-0.23744,-0.45444,0.02729,0.06481,0.10272,0.30074,-0.08419,-0.04681,6,2,1,3,7,5,8,9,10,11,4
0.51429,-0.11279,-0.48718,-0.27056,0.06215,-0.26905,0.00272,-0.06271,0.05407,-0.15540,6,4,5,1,7,2,8,9,10,11,3
0.15363,0.41493,-0.22513,-0.33556,-0.32542,0.01612,0.02381,0.02225,0.13347,-0.44408,6,7,8,9,1,4,2,10,3,5,11
0.33958,-0.11657,0.31949,-0.25889,-0.14048,-0.39235,-0.08844,-0.10587,0.68446,0.06762,7,6,8,5,4,1,3,9,10,11,2
-0.01358,0.32010,0.16923,-0.20000,-0.37847,-0.45811,-0.11020,0.04450,0.83847,0.05007,7,8,9,10,3,2,1,5,4,6,11
-0.42576,0.54001,0.57487,-0.45056,-0.48358,-0.58141,0.28231,0.46865,-0.00890,0.51495,5,6,7,8,9,10,2,1,3,4,11
-0.50773,0.45022,0.41641,0.00167,-0.57554,-0.03320,0.37415,-0.04653,0.29980,0.19181,5,6,7,8,9,10,4,2,1,3,11
-0.84497,0.36673,0.30615,0.02389,-0.21577,0.09580,0.21565,-0.07080,0.16769,0.38166,4,5,6,7,8,9,10,3,2,1,11
-0.00281,-0.08412,0.21487,-0.29889,-0.16978,0.27221,-0.01293,-0.17667,0.16290,-0.27438,9,6,10,2,4,3,7,11,5,8,1
-0.50679,-0.70636,0.73692,0.38833,0.35776,0.13247,0.31429,-0.34929,-0.93635,-0.23147,1,2,4,5,6,7,8,9,10,3,11
0.29742,-0.53844,-0.14205,-0.07556,0.28247,0.56307,0.31429,0.38503,0.10062,-0.27438,2,1,3,5,6,7,8,9,10,11,4
0.65761,-0.49527,-0.15180,-0.53778,-0.10864,0.05975,0.16803,0.33176,0.01917,0.02146,6,1,2,3,7,5,8,9,10,11,4
0.48009,-0.12350,-0.56615,-0.24944,0.02324,-0.25261,0.03129,-0.05462,0.00342,-0.10143,6,4,5,1,7,2,8,9,10,11,3
0.13490,0.40769,-0.31026,-0.39111,-0.21829,-0.24565,0.23674,-0.07283,0.17865,-0.46554,6,7,8,9,1,3,2,10,4,5,11
0.27494,-0.04001,0.18308,-0.30167,-0.10359,-0.38729,-0.08095,0.01146,0.64340,-0.09298,6,7,8,5,4,1,3,9,10,11,2
0.00515,0.39036,0.03897,-0.34000,-0.30874,-0.49984,0.09184,0.05664,0.78782,-0.12289,7,8,9,10,2,4,1,6,3,5,11
-0.41546,0.64209,0.51436,-0.53056,-0.45174,-0.51186,0.20952,0.47067,0.08214,0.61118,5,6,7,8,9,10,2,1,3,4,11
-0.49649,0.52993,0.06667,-0.23833,-0.27236,0.18053,0.37959,-0.02225,0.31280,0.11053,5,6,7,8,9,10,4,3,2,1,11
-0.87494,0.44896,0.28308,-0.17333,-0.22486,0.19064,0.27483,0.07148,-0.20602,0.33355,4,5,6,7,8,9,10,3,2,1,11
0.00843,-0.06994,0.09538,-0.35889,0.09399,-0.03383,-0.07211,0.02428,0.24230,-0.29324,9,7,10,3,5,2,6,11,4,8,1
0.87775,-0.67832,-1.00000,0.23222,-0.11066,0.90010,0.26327,0.56912,-0.84394,-0.36671,1,2,3,4,5,6,7,8,9,10,11
0.93630,-0.43762,-0.75333,-0.04778,-0.22031,0.76921,0.10612,0.81996,-0.35387,0.07477,3,1,2,4,5,6,7,8,9,10,11
0.61265,-0.35098,-0.47744,0.38111,-0.10056,0.60607,-0.07075,0.59744,-0.36893,0.05332,3,2,1,4,6,7,8,9,10,11,5
0.62717,-0.03497,-0.26103,0.37778,-0.31683,0.18685,0.02857,0.49562,-0.20534,0.09688,6,5,7,1,4,3,8,9,10,11,2
0.30164,0.07120,0.16359,0.57278,-0.51592,-0.21214,-0.22177,0.76602,0.05818,0.23862,7,8,9,5,1,3,2,10,6,11,4
0.44543,0.01638,0.06256,0.59278,-0.42294,-0.14259,-0.18844,0.71409,-0.14921,0.18661,7,6,8,4,1,2,5,9,10,11,3
0.21967,0.15942,0.23026,0.66389,-0.67155,-0.36769,-0.31293,0.91773,0.12663,0.43173,6,7,8,9,2,3,1,10,4,11,5
-0.34520,0.56868,0.19487,0.65000,-0.68469,-0.70281,-0.34966,0.82401,0.30253,0.02796,4,5,6,7,8,9,2,1,3,10,11
0.01218,-0.09452,-0.07641,0.64000,-0.50581,-0.49858,0.24762,0.36210,0.51335,0.39012,8,9,10,7,4,2,1,6,5,11,3
-0.41967,0.11941,-0.04256,0.31278,-0.47600,-0.01676,0.53333,0.07417,1.00000,0.20351,7,8,9,10,11,5,2,1,3,4,6
0.04543,-0.03308,-0.17077,0.57556,-0.39515,0.36516,-0.09864,0.73904,0.01164,-0.23017,5,6,9,4,2,8,7,10,3,11,1
0.83279,-0.69156,-0.97231,0.31333,-0.06569,0.95258,0.23946,0.48887,-0.96988,-0.27308,1,2,3,4,5,6,7,8,9,10,11
0.96675,-0.43604,-0.77128,-0.03944,-0.24558,0.77363,0.07347,0.82535,-0.36619,0.12289,3,1,2,4,5,6,7,8,9,10,11
0.73771,-0.33176,-0.55487,0.29389,-0.17180,0.55043,-0.06395,0.63183,-0.31554,0.05917,3,2,1,4,6,7,8,9,10,11,5
0.65667,-0.05955,-0.25795,0.41389,-0.36433,0.18369,-0.06122,0.50978,-0.14305,0.10533,6,4,7,1,5,3,8,9,10,11,2
0.35972,0.03875,0.17128,0.61222,-0.54320,-0.23174,-0.28163,0.81794,0.07324,0.35371,7,5,8,6,1,3,2,9,10,11,4
0.43138,0.04001,0.07385,0.53500,-0.45326,-0.06291,-0.12177,0.73432,-0.16701,0.20741,6,7,8,5,1,2,4,9,10,11,3
0.19860,0.08066,0.24821,0.72389,-0.56089,-0.43219,-0.36939,0.81389,0.19507,0.48375,6,7,8,9,2,3,1,10,5,11,4
-0.35504,0.58255,0.18154,0.62611,-0.72612,-0.64907,-0.18163,0.67498,0.39494,0.02471,4,5,6,7,8,9,2,1,3,10,11
-0.11897,-0.11689,-0.00769,0.90667,-0.35220,-0.46127,0.07891,0.21713,0.37509,0.34330,10,7,11,9,6,4,1,5,3,8,2
-0.51241,0.10460,0.07590,0.45556,-0.43608,-0.11097,0.41497,0.01888,0.92950,0.12094,7,8,9,10,11,5,4,3,1,2,6
0.09789,-0.16037,-0.14359,0.66889,-0.37140,0.25134,-0.24490,0.65341,0.22040,-0.20416,5,4,9,8,2,7,6,10,3,11,1
0.78829,-0.69471,-0.89897,0.39389,-0.05356,1.00000,0.29252,0.40796,-0.93703,-0.39922,1,2,3,4,5,6,7,8,9,10,11
1.00000,-0.42880,-0.76051,-0.04278,-0.26832,0.72811,0.06463,0.88604,-0.32854,0.16450,3,1,2,4,5,6,7,8,9,10,11
0.81686,-0.33144,-0.57846,0.32167,-0.15917,0.49099,-0.06259,0.61430,-0.26626,0.05982,3,2,1,4,5,6,7,8,9,10,11
0.70539,-0.07719,-0.25795,0.42722,-0.39161,0.13626,-0.11157,0.51585,-0.08282,0.13459,5,4,7,1,6,3,8,9,10,11,2
0.39766,0.02930,0.19539,0.64611,-0.52653,-0.26146,-0.32721,0.79029,0.09514,0.33225,5,6,8,7,1,3,2,9,10,11,4
0.48384,0.01575,0.05231,0.52778,-0.45528,-0.11856,-0.11565,0.70600,-0.08966,0.29129,7,6,8,4,2,1,5,9,10,11,3
0.18595,-0.05325,0.22923,0.89556,-0.43507,-0.44736,-0.51361,0.70263,0.19165,0.56047,6,5,7,8,2,4,1,9,10,11,3
-0.35597,0.56679,0.16000,0.62722,-0.79889,-0.58773,0.08912,0.52596,0.44627,0.00780,4,5,6,7,8,9,2,1,3,10,11
-0.18829,-0.06207,-0.01026,1.00000,-0.45225,-0.25703,0.04286,0.26770,0.41205,0.09623,9,8,10,11,5,6,1,3,2,7,4
-0.58876,0.16950,0.16308,0.54500,-0.30975,-0.27790,0.44966,-0.14295,0.85900,0.21587,6,7,8,9,10,5,3,4,2,1,11
0.17424,-0.19376,-0.19026,0.65500,-0.34967,0.18875,-0.22585,0.51315,0.34018,-0.35956,6,3,9,8,2,5,7,10,4,11,1
0.77705,-0.69912,-0.88051,0.37833,-0.03689,0.96269,0.33810,0.49427,-0.91307,-0.36151,1,2,3,4,5,6,7,8,9,10,11
0.99063,-0.43667,-0.72513,-0.01500,-0.26882,0.72684,0.07755,0.90964,-0.32717,0.15345,3,1,2,4,5,6,7,8,9,10,11
0.86932,-0.33680,-0.58308,0.30500,-0.13997,0.45368,0.00272,0.63722,-0.18481,0.13134,3,2,1,4,5,6,7,8,9,10,11
0.73771,-0.09105,-0.23897,0.42500,-0.37140,0.09832,-0.06939,0.45314,0.00068,0.19896,5,4,7,1,6,2,8,9,10,11,3
0.42155,0.01638,0.20154,0.70444,-0.49520,-0.29434,-0.40204,0.77950,0.10951,0.42068,6,5,8,7,1,3,2,9,10,11,4
0.55504,-0.03907,0.00974,0.59444,-0.45579,-0.11287,-0.16327,0.64869,-0.05955,0.30364,7,5,8,4,3,1,6,9,10,11,2
0.21171,-0.07782,0.19539,0.90667,-0.45680,-0.41701,-0.46599,0.77613,0.23819,0.55397,7,5,8,9,2,4,1,10,6,11,3
-0.32178,0.42596,0.14103,0.62722,-0.77615,-0.61366,0.20544,0.53877,0.52567,0.12224,4,5,6,7,8,9,2,1,3,10,11
-0.22155,0.00158,0.01436,0.87333,-0.53158,0.06418,-0.06122,0.43965,0.53183,-0.28869,8,9,10,11,5,6,2,3,1,7,4
-0.60749,0.17738,0.18769,0.61667,-0.24811,-0.28675,0.39796,-0.20499,0.87543,0.30819,6,7,8,9,10,5,3,4,2,1,11
0.24075,-0.16982,-0.20667,0.52333,-0.45427,0.29244,-0.16939,0.58328,0.34634,-0.40832,4,3,9,7,2,5,8,10,6,11,1
0.79251,-0.69975,-0.88667,0.30333,-0.07125,0.97661,0.36054,0.61092,-0.87885,-0.36346,1,2,3,4,5,6,7,8,9,10,11
0.91475,-0.46786,-0.72667,0.09556,-0.16018,0.78249,0.06395,0.96022,-0.28474,0.09688,3,1,2,4,5,6,7,8,9,10,11
0.84122,-0.34720,-0.56923,0.32056,-0.13643,0.54600,0.02449,0.69724,-0.15195,0.12094,3,2,1,4,5,6,7,8,9,10,11
0.74988,-0.10807,-0.24205,0.45056,-0.35270,0.08694,-0.04830,0.42616,-0.00890,0.22107,5,4,6,1,7,2,8,9,10,11,3
0.40796,-0.03025,0.17333,0.76778,-0.47549,-0.27411,-0.37687,0.71274,0.19781,0.35631,6,5,8,7,1,3,2,9,10,11,4
0.58642,-0.06868,-0.06769,0.60667,-0.44871,-0.02181,-0.12381,0.67633,-0.08350,0.23797,6,5,8,3,4,1,7,9,10,11,2
0.23513,-0.02710,0.18974,0.79722,-0.50935,-0.39551,-0.36871,0.91234,0.17933,0.57997,7,5,8,9,2,4,1,10,6,11,3
-0.28899,0.36768,0.13539,0.68222,-0.88782,-0.44293,0.04966,0.78018,0.34086,0.32640,4,5,6,7,8,9,2,1,3,10,11
-0.21967,0.00819,0.01282,0.74500,-0.48560,0.16472,0.05986,0.42482,0.60438,-0.32315,8,9,10,11,5,7,3,4,1,6,2
-0.61358,0.11689,0.19487,0.63611,-0.23547,-0.32596,0.43333,-0.20701,0.83915,0.35046,6,7,8,9,10,5,3,4,2,1,11
0.25574,-0.12854,-0.20462,0.45500,-0.50834,0.36073,-0.13605,0.64666,0.25873,-0.40832,6,4,9,3,2,7,8,10,5,11,1
0.87166,-0.68935,-0.96718,0.24611,-0.11673,0.96143,0.38776,0.77343,-0.82683,-0.35111,1,2,3,4,5,6,7,8,9,10,11
0.78501,-0.49906,-0.69590,0.24389,-0.04750,0.81726,0.04762,0.99595,-0.24846,0.03576,2,1,3,4,5,6,7,8,9,10,11
0.74098,-0.38973,-0.53487,0.44444,-0.05255,0.65223,-0.00340,0.67364,-0.17591,0.15085,3,2,1,4,5,6,7,8,9,10,11
0.73255,-0.12854,-0.26462,0.48389,-0.33401,0.12362,-0.03742,0.41605,-0.03696,0.18661,5,4,6,1,7,2,8,9,10,11,3
0.37564,-0.07782,0.15949,0.81444,-0.41587,-0.26462,-0.36599,0.62778,0.18686,0.28153,6,5,8,7,1,4,2,9,10,11,3
0.59579,-0.10838,-0.13641,0.55389,-0.42496,0.00348,0.02585,0.52124,-0.05202,0.28544,6,5,7,1,4,2,8,9,10,11,3
0.29461,0.00441,0.16872,0.69444,-0.51086,-0.40563,-0.32109,0.93729,0.14374,0.60338,5,6,8,9,2,3,1,10,7,11,4
-0.28056,0.38815,0.15180,0.66444,-0.80950,-0.61176,0.07211,0.58125,0.47707,0.24382,4,5,6,7,8,9,2,1,3,10,11
-0.16347,-0.05545,-0.05179,0.65667,-0.45124,0.28992,-0.03878,0.72016,0.47912,-0.23732,6,9,10,11,4,7,3,5,1,8,2
-0.60890,0.09956,0.13744,0.51611,-0.25872,-0.37085,0.53469,-0.12272,0.82820,0.39922,6,7,8,9,10,5,2,3,4,1,11
0.26042,-0.11972,-0.21641,0.50278,-0.48257,0.25514,-0.13674,0.71409,0.16701,-0.35111,6,5,9,3,2,4,8,10,7,11,1
0.71569,-0.72464,-0.57539,-0.08167,0.02375,0.51628,0.42041,0.71342,0.19233,-0.20416,2,1,3,4,5,6,7,8,9,10,11
0.68478,-0.50819,-0.33744,-0.35722,-0.05508,0.31963,0.23674,0.47741,0.23272,-0.18271,5,1,2,3,6,7,8,9,10,11,4
0.55504,-0.28734,-0.26821,-0.15111,0.37292,-0.30509,0.29864,0.13486,-0.15332,-0.33355,6,3,2,1,7,5,8,9,10,11,4
0.48993,-0.04285,0.07744,-0.35556,0.16574,-0.39741,0.11088,-0.20971,0.14990,-0.26658,6,4,7,1,5,2,8,9,10,11,3
0.24637,0.22968,0.31846,-0.30556,-0.37089,-0.41258,-0.08367,0.51989,0.12594,-0.29064,6,7,8,9,1,3,2,10,5,11,4
0.28665,0.02142,0.28872,-0.17389,-0.19909,-0.42460,0.08027,0.27377,0.28200,-0.19181,6,7,8,4,2,1,5,9,10,11,3
-0.05480,0.03970,0.70103,0.23444,-0.53411,-0.44863,-0.60068,0.40189,0.81930,0.22887,4,5,6,7,3,8,1,2,9,10,11
-0.22951,-0.12476,0.75744,0.79889,-0.54371,-0.35884,-0.94354,0.49225,0.62902,0.78088,3,4,5,6,7,8,1,2,9,10,11
-0.10445,-0.05356,0.37128,-0.15000,-0.55735,0.03193,-0.20340,0.60755,0.44148,0.37581,7,8,9,10,5,4,1,6,3,11,2
-0.24590,-0.36484,0.15333,-0.03278,-0.20869,0.33481,0.03605,0.44100,0.48597,0.52081,6,3,5,9,10,7,11,8,1,4,2
0.29836,-0.35003,0.31744,-0.08278,-0.27539,-0.09516,-0.19456,0.34525,0.38672,0.15605,8,3,4,5,7,2,6,10,9,11,1
0.73490,-0.74260,-0.61077,-0.07500,0.03386,0.52197,0.42381,0.74241,0.18686,-0.20416,2,1,3,4,5,6,7,8,9,10,11
0.77330,-0.51796,-0.30410,-0.37500,-0.12431,0.32090,0.25374,0.47404,0.29021,-0.15345,4,1,2,3,6,7,8,9,10,11,5
0.59110,-0.30781,-0.20205,-0.15056,0.28954,-0.12109,0.20680,0.15914,-0.02190,-0.38036,6,3,2,1,7,5,8,9,10,11,4
0.50070,-0.02710,-0.02256,-0.23222,0.13896,-0.42017,0.10612,-0.13891,0.18275,-0.37516,5,6,7,1,4,2,8,9,10,11,3
0.24216,0.12602,0.48462,-0.21778,-0.46943,-0.39235,-0.12721,0.52933,0.15195,-0.21326,5,6,7,8,1,3,2,9,10,11,4
0.30211,-0.00851,0.38205,-0.14889,-0.24558,-0.35884,0.07279,0.28456,0.40931,-0.27308,6,7,8,5,2,1,4,9,10,11,3
-0.07682,-0.04757,0.76718,0.37778,-0.52552,-0.46001,-0.65102,0.31962,0.79329,0.38036,3,4,5,6,7,8,1,2,9,10,11
-0.22904,-0.16919,0.76667,0.88056,-0.56594,-0.41385,-0.88163,0.35738,0.60917,0.83680,3,4,5,6,7,8,1,2,9,10,11
-0.05714,-0.16604,0.47641,0.01778,-0.53310,-0.05659,-0.24558,0.54214,0.49829,0.65475,8,7,9,10,6,3,1,5,4,11,2
-0.32600,-0.31380,0.17539,-0.04111,-0.16422,0.35694,0.01633,0.47741,0.47091,0.41938,7,3,5,9,10,8,11,6,1,4,2
0.30070,-0.32451,0.34051,-0.09278,-0.33502,-0.05027,-0.11293,0.34727,0.38330,0.18075,9,3,6,4,7,2,5,10,8,11,1
0.66511,-0.75488,-0.60615,-0.01556,0.07377,0.56371,0.40952,0.76130,0.09582,-0.22627,2,1,3,4,5,6,7,8,9,10,11
0.79063,-0.53088,-0.29128,-0.38111,-0.12228,0.33924,0.28776,0.42212,0.30390,-0.15215,3,1,2,4,6,7,8,9,10,11,5
0.61452,-0.31884,-0.23795,-0.10778,0.22638,-0.05406,0.15374,0.24747,-0.10199,-0.33030,6,3,2,1,7,5,8,9,10,11,4
0.49180,-0.04726,0.00564,-0.29000,0.20920,-0.50617,0.10272,-0.08564,0.13621,-0.35696,5,4,6,1,7,2,8,9,10,11,3
0.25527,-0.03088,0.65436,-0.08611,-0.51592,-0.51502,-0.19184,0.48078,0.18823,0.01495,6,7,8,5,1,3,2,9,10,11,4
0.32834,-0.08129,0.43333,-0.07556,-0.33957,-0.32912,-0.01701,0.46123,0.35524,-0.24903,6,7,8,5,2,1,4,9,10,11,3
-0.04824,-0.17454,0.78205,0.51611,-0.35574,-0.47645,-0.79388,0.10587,0.80219,0.59363,4,3,5,6,7,8,1,2,9,10,11
-0.23138,-0.16824,0.77282,0.87000,-0.56291,-0.47012,-0.82177,0.26635,0.62012,0.73797,3,4,5,6,7,8,1,2,9,10,11
-0.04356,-0.27064,0.53641,0.16778,-0.52400,-0.04584,-0.19388,0.46325,0.40110,0.74837,7,5,10,11,8,4,1,6,3,9,2
-0.46370,-0.26780,0.25026,0.03722,-0.10561,0.37022,-0.04218,0.44370,0.45243,0.29844,6,4,7,8,9,10,11,5,1,3,2
0.27775,-0.34342,0.37026,-0.05944,-0.38858,-0.00980,-0.02993,0.28523,0.35934,0.21196,9,3,6,4,7,2,5,10,8,11,1
0.58689,-0.78072,-0.55744,0.07167,0.10106,0.61050,0.40952,0.76062,0.02533,-0.23602,1,2,3,4,5,6,7,8,9,10,11
0.76159,-0.53592,-0.30256,-0.37333,-0.11319,0.34240,0.29660,0.44842,0.31143,-0.15800,3,1,2,4,6,7,8,9,10,11,5
0.60234,-0.34877,-0.25846,-0.09833,0.18343,-0.03256,0.12789,0.26500,-0.17180,-0.22432,6,3,1,2,7,5,8,9,10,11,4
0.46230,-0.06459,0.00462,-0.34611,0.26933,-0.55802,0.06803,-0.08024,0.12663,-0.39142,5,4,6,1,7,3,8,9,10,11,2
0.28150,-0.12665,0.71846,0.00333,-0.51642,-0.61935,-0.21837,0.42819,0.21355,0.12939,7,5,8,6,2,3,1,9,10,11,4
0.35691,-0.12791,0.42615,-0.08111,-0.31380,-0.43977,-0.00068,0.42414,0.52704,-0.27958,7,6,8,5,4,1,3,9,10,11,2
0.00656,-0.28103,0.75487,0.58444,-0.21779,-0.42839,-0.86122,-0.05664,0.75975,0.72887,3,2,4,5,6,7,1,8,9,10,11
-0.23419,-0.17108,0.74308,0.82611,-0.51440,-0.44673,-1.00000,0.31558,0.68104,0.79909,3,4,5,6,7,8,1,2,9,10,11
-0.03700,-0.27694,0.50872,0.12944,-0.58514,0.06102,-0.03810,0.48483,0.32854,0.66190,7,5,10,11,8,4,3,6,2,9,1
-0.58080,-0.23724,0.32051,0.11222,-0.08388,0.36073,-0.12789,0.38503,0.44079,0.17880,5,4,7,8,9,10,11,6,1,2,3
0.21920,-0.33428,0.37949,-0.04778,-0.35523,0.02181,-0.05170,0.28119,0.33949,0.16125,9,3,5,4,8,2,6,10,7,11,1
0.52600,-0.78639,-0.51590,0.12667,0.10308,0.63010,0.44830,0.74107,-0.00753,-0.24772,1,2,3,4,5,6,7,8,9,10,11
0.74052,-0.56175,-0.30615,-0.35556,-0.11218,0.34176,0.28231,0.44774,0.31828,-0.15215,2,1,3,4,6,7,8,9,10,11,5
0.54098,-0.37209,-0.21180,-0.05111,0.18696,0.02561,0.13265,0.26838,-0.21218,-0.22692,6,3,1,2,7,5,8,9,10,11,4
0.47963,-0.13138,0.02513,-0.19444,0.00859,-0.29877,-0.03061,-0.17127,0.31417,-0.42783,6,5,7,1,4,2,8,9,10,11,3
0.26651,-0.11720,0.71231,-0.03333,-0.54725,-0.63516,-0.13469,0.44909,0.15195,0.13719,7,5,8,6,2,3,1,9,10,11,4
0.36768,-0.23756,0.45590,-0.02056,-0.28600,-0.42080,-0.07755,0.40256,0.58932,-0.17360,7,5,8,6,4,1,3,9,10,11,2
0.06698,-0.37272,0.70051,0.62056,-0.18646,-0.42776,-0.74558,-0.11396,0.69678,0.78544,3,2,4,6,7,8,1,9,10,11,5
-0.21265,-0.19912,0.73846,0.83111,-0.57150,-0.46633,-0.93469,0.31490,0.70157,0.76983,3,4,5,6,7,8,1,2,9,10,11
-0.03232,-0.32672,0.48872,0.17111,-0.62153,0.09263,0.05918,0.47202,0.25531,0.63459,6,5,8,11,9,3,4,7,2,10,1
-0.61733,-0.23251,0.35590,0.12056,-0.13189,0.38350,-0.11973,0.38301,0.40999,0.15475,5,4,7,8,9,10,11,6,1,2,3
0.17424,-0.30970,0.41231,-0.04278,-0.30723,0.04584,-0.03197,0.32569,0.28268,0.12874,9,3,4,5,8,2,6,10,7,11,1
0.47682,-0.79080,-0.49231,0.16944,0.11117,0.66804,0.47143,0.75051,-0.02738,-0.25748,1,2,3,4,5,6,7,8,9,10,11
0.72084,-0.58507,-0.30154,-0.33556,-0.11622,0.32849,0.27007,0.45853,0.30459,-0.16320,2,1,3,5,6,7,8,9,10,11,4
0.53536,-0.36925,-0.24513,-0.06722,0.17534,0.02181,0.17619,0.34794,-0.20123,-0.29454,6,3,1,2,7,5,8,9,10,11,4
0.46838,-0.15343,-0.02410,-0.11167,-0.10207,-0.14385,-0.23061,0.08294,0.12252,-0.37841,7,5,6,1,4,3,8,9,10,11,2
0.24450,-0.11594,0.69180,-0.01333,-0.53562,-0.69396,-0.12585,0.47471,0.13826,0.14694,7,5,8,6,2,3,1,9,10,11,4
0.34333,-0.35035,0.46667,0.05611,-0.26225,-0.29497,-0.11769,0.42954,0.50719,-0.08127,6,3,5,7,8,1,4,10,9,11,2
0.11335,-0.39257,0.65128,0.57944,-0.28701,-0.48909,-0.52653,0.03304,0.73374,0.66775,3,2,6,8,9,5,1,10,7,11,4
-0.19016,-0.24354,0.73641,0.89000,-0.62506,-0.50300,-0.82041,0.30816,0.68173,0.77113,4,3,5,6,7,8,1,2,9,10,11
-0.07963,-0.37429,0.47539,0.23833,-0.60839,0.20771,0.17959,0.44976,0.06571,0.40767,4,3,7,11,10,5,6,8,1,9,2
-0.67682,-0.14808,0.35846,0.10500,-0.10258,0.37528,-0.13061,0.41807,0.39904,0.02601,5,4,7,8,9,10,11,6,1,2,3
0.12740,-0.27694,0.40564,-0.03333,-0.25569,0.06861,-0.01224,0.32906,0.28131,0.07217,9,3,6,4,8,2,7,10,5,11,1
0.01967,-1.00000,0.41026,0.62778,0.40829,0.55422,-0.20000,-0.44370,-0.40246,0.42848,1,2,3,4,5,6,7,8,9,10,11
-0.01967,-0.48645,0.46872,0.58667,0.51339,-0.21404,-0.57687,-0.49629,-0.33196,0.20221,2,1,3,4,5,6,7,8,9,10,11
0.21780,-0.46188,0.39385,0.52889,0.23800,-0.71040,-0.37483,-0.27579,-0.09103,0.31795,3,2,1,4,5,6,7,8,9,10,11
0.70726,-0.30561,0.18256,-0.30333,-0.00808,-0.64654,0.14354,-0.15981,-0.37098,0.27568,6,3,2,1,7,4,8,9,10,11,5
0.14895,0.05262,0.11641,-0.51889,-0.27236,-0.41385,0.64490,-0.01214,-0.20671,0.03186,5,6,7,8,1,2,3,9,10,11,4
0.27119,-0.09231,-0.04308,-0.46500,-0.03941,-0.56750,0.83469,-0.04585,-0.44969,0.41417,7,5,8,6,2,1,3,9,10,11,4
-0.21405,0.13201,0.83180,-0.08000,-0.45730,-0.74265,0.02789,0.75185,-0.06229,-0.34395,6,7,8,9,3,10,1,2,4,5,11
-0.38267,0.56396,0.31590,-0.30111,-0.47751,-0.79893,0.18027,0.93931,-0.07187,-0.01756,5,6,7,8,9,10,2,1,3,4,11
-0.46979,0.24039,0.25077,-0.39222,0.19303,0.07303,0.27347,0.16521,-0.26968,-0.51105,6,7,8,9,10,11,4,3,1,2,5
-0.50773,0.28797,0.56103,0.11833,0.36988,-0.16978,-0.13946,0.40054,-0.57974,-0.41548,4,6,7,8,9,10,5,3,2,1,11
0.07775,-0.30939,0.20462,-0.42944,0.13290,-0.28802,0.32993,0.38233,-0.51061,-0.03056,9,4,3,7,10,2,6,11,5,8,1
-0.04028,-0.95684,0.42923,0.58278,0.42244,0.56876,-0.25850,-0.47741,-0.25188,0.50910,1,2,3,4,5,6,7,8,9,10,11
-0.06932,-0.44518,0.69692,0.51833,0.45528,-0.24881,-0.61837,-0.50708,-0.23066,0.20416,2,1,3,4,5,6,7,8,9,10,11
0.18501,-0.43132,0.40462,0.47111,0.31177,-0.68574,-0.39796,-0.40931,-0.06434,0.36021,3,2,1,4,5,6,7,8,9,10,11
0.70211,-0.31285,0.12615,-0.21333,-0.05457,-0.61872,0.17279,-0.16318,-0.32512,0.24707,6,3,2,1,7,4,8,9,10,11,5
0.10070,0.06018,0.06462,-0.46056,-0.25013,-0.27095,0.60136,-0.05799,-0.22519,-0.07152,6,7,8,5,1,2,3,9,10,11,4
0.29555,-0.12508,-0.07179,-0.47278,0.00404,-0.47265,0.73537,-0.08699,-0.30596,0.20611,7,6,8,5,2,1,4,9,10,11,3
-0.15457,0.15848,0.80103,-0.15722,-0.48105,-0.67120,0.11293,0.91099,-0.10404,-0.34395,5,6,7,8,2,9,1,4,3,10,11
-0.41312,0.63705,0.35231,-0.36444,-0.53209,-0.62883,0.18299,0.65610,0.07050,0.06697,5,6,7,8,9,10,2,1,3,4,11
-0.46604,0.26906,0.15641,-0.36278,0.25467,-0.03256,0.30476,0.20904,-0.38946,-0.46619,5,6,7,8,9,10,4,3,1,2,11
-0.52084,0.23220,0.53282,0.08944,0.44619,-0.22163,0.02789,0.41335,-0.49418,-0.50130,4,6,7,8,9,10,5,3,2,1,11
0.07166,-0.30907,0.15692,-0.38778,0.11268,-0.30383,0.31973,0.33783,-0.58864,-0.00975,8,4,3,6,10,2,7,11,5,9,1
-0.14707,-0.89981,0.51949,0.64222,0.40728,0.47961,-0.39660,-0.53540,-0.09788,0.49285,1,2,3,4,5,6,7,8,9,10,11
-0.02436,-0.51040,0.76513,0.48500,0.45528,-0.19507,-0.52653,-0.47674,-0.21971,0.09233,1,2,3,4,5,6,7,8,9,10,11
0.18127,-0.43226,0.35590,0.61667,0.25114,-0.73190,-0.28776,-0.47337,-0.08556,0.36671,3,2,1,4,5,6,7,8,9,10,11
0.64778,-0.34436,0.25590,-0.24556,-0.01314,-0.70661,0.12517,-0.09238,-0.31417,0.28739,6,3,1,2,7,4,8,9,10,11,5
0.06979,0.09515,0.00256,-0.48722,-0.18747,-0.10149,0.59864,-0.21780,-0.22108,-0.13459,6,7,8,5,1,2,3,9,10,11,4
0.24403,-0.15091,-0.13487,-0.34667,0.03537,-0.31710,0.57007,-0.20364,-0.37988,0.19961,7,5,8,2,4,1,6,9,10,11,3
-0.17002,0.25551,0.82256,-0.20111,-0.49116,-0.60544,0.08776,0.84289,-0.13758,-0.18075,5,6,7,8,2,9,1,3,4,10,11
-0.46417,0.63264,0.24205,-0.42722,-0.51289,-0.43029,0.39116,0.54821,0.12457,-0.02926,5,6,7,8,9,10,2,1,3,4,11
-0.46464,0.20983,0.24051,-0.30167,0.13845,-0.12488,0.35374,0.26096,-0.26763,-0.49025,7,8,9,10,11,5,4,3,1,2,6
-0.57986,0.13296,0.57282,-0.06222,0.42951,-0.13500,-0.00068,0.42077,-0.52361,-0.62874,4,6,7,8,9,10,11,3,2,1,5
0.02623,-0.27316,0.15333,-0.37611,0.11925,-0.32280,0.29864,0.25152,-0.59891,-0.00585,9,4,3,6,10,2,7,11,5,8,1
-0.19157,-0.86957,0.57385,0.61667,0.36685,0.46443,-0.40544,-0.53405,-0.11362,0.46619,1,2,3,4,5,6,7,8,9,10,11
0.01265,-0.57215,0.77846,0.44556,0.45932,-0.15839,-0.44014,-0.44235,-0.28474,-0.00455,1,2,3,4,5,6,7,8,9,10,11
0.11194,-0.43226,0.39897,0.68778,0.19101,-0.81600,-0.39184,-0.28388,-0.02327,0.38492,3,2,1,4,5,6,7,8,9,10,11
0.68618,-0.33680,0.24667,-0.24389,0.05255,-0.73886,0.24218,-0.19016,-0.32923,0.23602,6,3,1,2,7,4,8,9,10,11,5
0.06417,0.08097,0.04410,-0.33333,-0.36988,-0.03067,0.60544,-0.15172,-0.40520,-0.03316,5,6,7,8,1,2,3,9,10,11,4
0.10960,-0.17549,-0.09026,-0.21556,0.13845,-0.21151,0.41157,-0.18004,-0.57700,0.15215,6,4,5,3,9,1,7,10,8,11,2
-0.23934,0.38689,0.72923,-0.32167,-0.51339,-0.60734,0.08027,0.77815,-0.33470,-0.07217,6,7,8,9,4,10,1,2,3,5,11
-0.53677,0.62571,0.28359,-0.29722,-0.49722,-0.50490,0.39864,0.56237,0.15537,-0.05462,5,6,7,8,9,10,2,1,3,4,11
-0.47354,0.20636,0.33846,-0.30111,0.13441,-0.17167,0.29388,0.20566,-0.21971,-0.48375,7,8,9,10,11,5,4,3,2,1,6
-0.63981,0.22275,0.58103,-0.11111,0.39616,-0.04205,-0.04966,0.39380,-0.46270,-0.63719,4,5,6,7,8,9,10,3,2,1,11
0.04684,-0.27316,0.16154,-0.27222,0.11572,-0.43851,0.37143,0.22050,-0.65229,0.01105,8,3,4,6,10,2,5,11,7,9,1
-0.28712,-0.78734,0.63026,0.50889,0.38050,0.48593,-0.46599,-0.59811,-0.13895,0.54877,1,2,3,4,5,6,7,8,9,10,11
-0.09461,-0.49653,0.81231,0.42278,0.44113,-0.36516,-0.52517,-0.38503,-0.36619,0.10078,1,2,3,4,5,6,7,8,9,10,11
-0.08103,-0.27032,0.57744,0.56500,0.08641,-0.99052,-0.34966,-0.10722,0.15058,0.30364,3,2,1,7,8,9,4,10,11,5,6
0.69321,-0.31979,0.17333,-0.10667,0.01668,-0.77110,0.33674,-0.20432,-0.31348,0.17750,5,3,2,1,7,4,8,9,10,11,6
0.04215,0.05419,0.11590,-0.26333,-0.36887,-0.18748,0.66871,-0.07283,-0.51540,0.02146,5,6,7,8,1,2,3,9,10,11,4
0.03419,-0.23220,0.04462,-0.03500,0.12380,-0.10844,0.33605,-0.13958,-0.68036,0.05332,6,3,4,5,10,2,8,11,7,9,1
-0.28384,0.55829,0.29641,-0.49944,-0.38252,-0.45368,0.38027,0.31288,-0.39014,-0.11443,6,7,8,9,5,10,2,1,3,4,11
-0.53115,0.62035,0.35949,-0.24333,-0.55735,-0.53588,0.23333,0.49157,0.16632,-0.01105,5,6,7,8,9,10,3,1,2,4,11
-0.49321,0.24764,0.43333,-0.28667,0.13391,-0.22289,0.18095,0.07957,-0.22314,-0.49870,6,7,8,9,10,5,4,3,2,1,11
-0.66557,0.35224,0.58769,-0.15333,0.41486,-0.02308,0.02517,0.45246,-0.37782,-0.58258,4,5,6,7,8,9,10,3,2,1,11
0.10773,-0.28040,0.16308,-0.26333,0.12077,-0.42333,0.34626,0.21511,-0.70431,0.07867,8,3,4,6,9,2,5,10,7,11,1
-0.28899,-0.77757,0.64821,0.46944,0.38403,0.47834,-0.50136,-0.64262,-0.13279,0.60468,1,2,3,4,5,6,7,8,9,10,11
-0.21874,-0.40202,0.62103,0.56778,0.40475,-0.75277,-0.50068,-0.30074,-0.34086,0.36736,3,1,2,4,5,6,7,8,9,10,11
-0.10164,-0.30561,0.54308,0.60500,0.20061,-0.88935,-0.39184,-0.19150,0.01369,0.22107,3,2,1,4,5,6,7,8,9,10,11
0.64075,-0.30120,0.20359,-0.13333,0.02830,-0.77553,0.19524,-0.10519,-0.36961,0.21587,6,3,1,2,7,4,8,9,10,11,5
0.06276,0.06018,0.09436,-0.41944,-0.23345,-0.21783,0.63333,0.00067,-0.41889,-0.06047,6,7,8,9,1,2,3,10,5,11,4
-0.08290,-0.27568,0.12872,0.17889,0.05659,-0.13057,0.36939,-0.20634,-0.54278,0.02211,5,4,3,6,10,2,9,11,7,8,1
-0.27401,0.43037,0.21539,-0.34889,-0.30672,-0.41322,0.51225,0.12879,-0.29295,-0.35436,7,8,9,10,5,6,1,2,3,4,11
-0.53396,0.54757,0.37385,-0.23000,-0.54725,-0.67373,0.13265,0.56642,0.14579,-0.02406,5,6,7,8,9,10,2,1,3,4,11
-0.46885,0.20227,0.29539,-0.17167,0.18494,-0.22289,0.26599,0.14093,-0.34634,-0.53446,7,8,9,10,11,5,4,3,2,1,6
-0.68759,0.36106,0.80256,-0.22611,0.30066,0.08758,-0.01837,0.46865,-0.21013,-0.62224,4,5,6,7,8,9,10,3,2,1,11
0.17096,-0.29269,0.26359,-0.18778,0.12582,-0.56497,0.30544,0.19285,-0.61465,-0.07412,7,4,2,5,9,3,6,10,8,11,1
-0.11522,-0.69408,0.01897,0.31778,0.54017,0.14891,0.76599,-0.85570,-0.58316,0.16515,1,2,3,4,5,6,7,8,9,10,11
-0.35972,-0.26591,0.17795,0.71889,0.38656,0.31584,-0.50612,-0.46932,-0.66804,0.14174,1,2,3,7,8,9,10,11,5,6,4
0.19251,-0.35539,-0.24205,0.50889,0.21981,0.06924,-0.27143,-0.25624,-0.38946,0.35696,3,2,1,5,6,7,8,9,10,11,4
0.27307,-0.16320,-0.20103,0.04111,-0.11167,-0.47012,0.17279,-0.59744,-0.10815,0.31860,7,5,4,1,6,2,8,9,10,11,3
0.08009,0.12949,-0.06205,-0.20500,-0.49166,-0.31331,0.36327,0.19825,-0.00342,-0.34720,7,8,9,5,1,2,3,10,6,11,4
0.18314,0.02237,-0.16410,-0.19889,-0.24760,-0.16535,0.14286,-0.02090,-0.04517,-0.13069,6,7,8,2,3,1,5,9,10,11,4
-0.14660,0.27158,-0.08872,-0.23167,-0.24912,-0.40057,0.57279,0.17060,0.02875,-0.54421,7,8,9,10,2,3,1,5,4,6,11
-0.54660,0.45810,0.06256,0.28167,-0.44416,-0.64907,0.43742,0.19555,0.49008,0.03706,5,6,7,8,9,10,3,1,4,2,11
-0.31148,0.25205,-0.54154,0.21722,-0.07580,0.39994,0.17075,0.85502,0.01232,-0.75098,3,6,7,8,9,10,11,5,1,2,4
-0.75785,0.41872,-0.31590,0.17278,0.30318,-0.28296,0.35442,-0.12744,-0.07666,-0.81730,3,4,5,6,7,8,9,10,2,1,11
0.02998,-0.08570,-0.15231,0.32444,-0.07630,0.11413,0.16395,0.43560,-0.05955,-0.65150,6,8,10,2,5,4,7,11,3,9,1
-0.08993,-0.62350,-0.08000,0.20667,0.60182,0.28359,0.65238,-1.00000,-0.60301,0.22172,1,2,3,4,5,6,7,8,9,10,11
-0.25386,-0.31002,0.07026,0.76667,0.41132,0.49921,-0.21905,-0.35873,-0.77139,0.02146,1,2,3,7,8,9,10,11,4,6,5
0.17939,-0.35570,-0.17077,0.52778,0.23497,0.11350,-0.17755,-0.24208,-0.53662,0.35176,3,2,1,5,6,7,8,9,10,11,4
0.26276,-0.17643,-0.15539,0.06667,-0.17383,-0.40942,0.07755,-0.58665,-0.08966,0.20156,7,6,4,1,5,2,8,9,10,11,3
0.09087,0.08349,-0.02667,-0.12111,-0.51390,-0.46254,0.43401,0.21038,0.04038,-0.30819,6,7,8,5,1,3,2,9,10,11,4
0.22717,-0.02867,-0.06256,-0.22611,-0.26529,-0.09959,0.10272,-0.00539,0.03970,-0.14955,6,7,8,2,3,1,5,9,10,11,4
-0.13021,0.29931,-0.17949,-0.21167,-0.20364,-0.28612,0.65850,0.08766,-0.10267,-0.57282,7,8,9,10,1,3,2,6,4,5,11
-0.53958,0.38154,0.08051,0.42722,-0.52552,-0.70029,0.39660,0.21376,0.56194,0.04421,5,6,7,8,9,10,2,1,4,3,11
-0.38642,0.18431,-0.21180,0.17278,-0.16271,0.25324,-0.02857,0.94875,0.20397,-0.68596,6,7,8,9,10,11,4,5,1,2,3
-0.76440,0.43132,-0.29949,0.17222,0.29560,-0.36010,0.42109,-0.12542,-0.01095,-0.87256,3,4,5,6,7,8,9,10,2,1,11
0.03560,-0.11846,-0.16872,0.34667,-0.12734,0.07303,0.16395,0.50438,-0.04381,-0.56437,7,8,9,2,5,3,6,10,4,11,1
-0.12693,-0.64871,0.06308,0.29500,0.56645,0.14701,0.67755,-0.94471,-0.76386,0.27308,1,2,3,4,5,6,7,8,9,10,11
-0.20703,-0.37303,0.08821,0.77611,0.36988,0.58963,-0.02857,-0.13891,-0.92334,0.09363,1,2,3,7,8,9,10,11,4,5,6
0.09415,-0.32514,-0.09795,0.58222,0.25417,0.06355,-0.21157,-0.28523,-0.62971,0.42068,3,2,1,5,6,7,8,9,10,11,4
0.21733,-0.15659,-0.17077,0.04389,-0.15159,-0.36263,0.00476,-0.57047,-0.12457,0.14890,7,6,4,1,5,2,8,9,10,11,3
0.10164,0.11185,-0.07128,-0.16278,-0.47398,-0.44546,0.54354,0.07755,0.00753,-0.32120,5,6,7,8,1,3,2,9,10,11,4
0.27119,-0.06553,-0.03590,-0.20611,-0.28398,-0.08441,0.10884,0.05529,0.06297,-0.23732,6,7,8,2,4,1,5,9,10,11,3
-0.07494,0.26623,-0.13795,-0.32833,-0.12026,-0.24502,0.65034,0.21983,-0.09925,-0.60663,8,9,10,11,1,3,2,6,4,5,7
-0.52084,0.41872,0.04154,0.38111,-0.62506,-0.53715,0.35782,0.24815,0.58385,-0.11574,5,6,7,8,9,10,2,1,3,4,11
-0.32740,0.09074,-0.24615,0.16444,-0.15968,0.28043,-0.06122,1.00000,0.08761,-0.65150,5,7,8,9,6,10,4,11,1,3,2
-0.78127,0.46786,-0.17897,0.10000,0.19353,-0.35568,0.28844,-0.10115,0.24298,-1.00000,3,4,5,6,7,8,9,10,2,1,11
0.01405,-0.13800,-0.14667,0.30222,-0.14755,0.06544,0.10340,0.45516,-0.01780,-0.52796,7,8,9,2,5,3,6,10,4,11,1
-0.24262,-0.64178,0.26103,0.34833,0.61496,-0.01423,0.51837,-0.79029,-0.87680,0.25423,1,2,3,4,5,6,7,8,9,10,11
-0.16393,-0.41462,0.03487,0.76944,0.36079,0.59469,0.09320,-0.07350,-0.91102,0.00065,1,2,3,7,8,9,10,11,4,6,5
-0.00468,-0.28040,-0.04615,0.62056,0.24558,0.00095,-0.28027,-0.34592,-0.63997,0.51170,3,2,1,7,8,5,9,10,6,11,4
0.15269,-0.13390,-0.15949,-0.01500,-0.06417,-0.45874,0.04354,-0.65543,-0.09514,0.20091,7,5,4,1,6,2,8,9,10,11,3
0.10773,0.16698,-0.12462,-0.30222,-0.38252,-0.31963,0.55306,-0.03372,0.02601,-0.39272,4,5,6,7,1,2,3,8,9,10,11
0.26464,-0.12256,-0.00923,-0.09167,-0.29661,-0.07240,0.04150,0.22252,0.00958,-0.33095,6,7,8,2,4,3,5,9,10,11,1
-0.02248,0.26245,-0.16410,-0.40278,-0.08287,-0.10022,0.62313,0.19218,-0.01506,-0.49220,8,9,10,11,1,3,2,7,4,5,6
-0.51475,0.44739,0.04667,0.33167,-0.67307,-0.38729,0.39048,0.27984,0.57700,-0.20806,5,6,7,8,9,10,2,1,3,4,11
-0.32834,0.05167,-0.22872,0.25278,-0.11369,0.13563,0.01837,0.76939,0.27310,-0.61639,7,10,11,8,9,6,4,5,1,3,2
-0.80187,0.54568,-0.08872,-0.05056,0.25973,-0.54790,0.31973,-0.13891,0.18891,-0.76593,3,4,5,6,7,8,9,10,2,1,11
0.03279,-0.15533,-0.17333,0.30778,-0.17534,-0.01549,0.18980,0.37761,0.07871,-0.59298,7,8,9,2,5,3,6,10,4,11,1
-0.33021,-0.60208,0.32769,0.40222,0.59828,-0.05975,0.46395,-0.85772,-0.76660,0.12484,1,2,3,4,5,6,7,8,9,10,11
-0.14895,-0.42313,-0.01846,0.72944,0.38201,0.56813,0.11973,0.00674,-0.92745,-0.05397,1,2,3,7,8,9,10,11,4,6,5
-0.00703,-0.30403,-0.01897,0.53833,0.28499,0.01170,-0.28095,-0.22522,-0.78234,0.54486,3,2,1,7,8,6,9,10,5,11,4
0.10586,-0.14304,-0.13077,0.05056,-0.10965,-0.44230,0.02585,-0.64127,-0.06776,0.16580,7,6,5,1,4,2,8,9,10,11,3
0.08993,0.16509,-0.11641,-0.27722,-0.43810,-0.24312,0.52993,-0.03844,0.09240,-0.45839,5,6,7,8,1,2,3,9,10,11,4
0.19672,-0.20069,0.00513,0.04056,-0.23446,-0.04900,-0.06327,0.44976,-0.18070,-0.29519,9,6,5,2,4,3,7,10,8,11,1
-0.07963,0.28229,-0.16923,-0.33111,-0.08489,0.03952,0.60612,-0.08631,0.02327,-0.39467,7,8,9,10,1,4,2,11,3,5,6
-0.51335,0.40580,0.08308,0.35389,-0.63770,-0.46633,0.39456,0.30007,0.65298,-0.08973,5,6,7,8,9,10,2,1,3,4,11
-0.36815,-0.03119,-0.09231,0.41222,-0.04144,0.11160,-0.10612,0.72421,0.23682,-0.51561,6,8,10,9,11,7,5,4,1,3,2
-0.82436,0.62098,-0.07538,-0.11611,0.25114,-0.58268,0.26122,-0.08833,0.08761,-0.64239,3,4,5,6,7,8,9,10,2,1,11
0.04824,-0.18778,-0.16000,0.32944,-0.18191,-0.09832,0.21429,0.36278,0.15400,-0.62744,7,8,9,2,6,3,5,10,4,11,1
-0.36628,-0.56238,0.30103,0.43278,0.56746,-0.02687,0.44354,-0.93122,-0.69815,0.04291,1,2,3,4,5,6,7,8,9,10,11
-0.15363,-0.43919,-0.02769,0.68667,0.40829,0.44926,0.09184,0.12879,-0.91855,-0.20221,1,2,4,7,8,9,10,11,3,6,5
0.05808,-0.35381,-0.10410,0.51111,0.28904,0.06797,-0.17143,-0.18341,-0.89254,0.49285,3,2,1,7,8,6,9,10,5,11,4
0.03326,-0.13485,-0.09179,0.08000,-0.12330,-0.43724,0.00884,-0.59070,-0.09446,0.19181,7,6,5,1,4,2,8,9,10,11,3
0.08337,0.16415,-0.14000,-0.24111,-0.51339,-0.18811,0.51497,0.01888,0.05065,-0.47724,5,6,7,8,1,2,3,9,10,11,4
0.07963,-0.25142,0.02359,0.10222,-0.12026,0.01612,-0.04558,0.53068,-0.26557,-0.30039,8,5,4,2,7,3,9,10,6,11,1
-0.18080,0.23567,0.04615,-0.21722,-0.13542,0.01359,0.43265,-0.17667,0.04928,-0.42653,8,9,10,7,1,3,4,11,2,5,6
-0.46838,0.45243,-0.07744,0.15889,-0.66903,-0.17989,0.50952,0.36008,0.59480,-0.17360,5,6,7,8,9,10,2,1,3,4,11
-0.36066,-0.14934,-0.03590,0.57944,0.03840,0.24312,-0.31837,0.65341,0.01985,-0.15800,4,3,6,8,10,11,9,7,1,5,2
-0.84731,0.65123,-0.21077,-0.01000,0.20364,-0.54790,0.33810,-0.13689,0.11636,-0.89467,3,4,5,6,7,8,9,10,2,1,11
0.04496,-0.19219,-0.15641,0.31333,-0.17332,-0.10971,0.22721,0.33850,0.16153,-0.62289,7,8,9,3,6,2,5,10,4,11,1
-0.06183,-0.79017,0.01077,0.39278,0.84740,0.20455,0.17211,-0.76669,-0.06571,0.05397,1,2,3,4,5,6,7,8,9,10,11
0.23747,-0.63327,-0.15590,0.18944,0.63669,0.13626,-0.00544,-0.02832,-0.50719,0.29649,2,1,3,4,5,6,7,8,9,10,11
0.40562,-0.39036,-0.02256,0.41556,0.19505,-0.42460,-0.37959,-0.37492,-0.11910,0.45449,3,2,1,4,5,6,7,8,9,10,11
0.55785,0.09893,-0.06974,-0.13556,0.00000,-0.72431,0.21701,-0.19420,-0.49418,0.25163,5,6,7,1,4,2,8,9,10,11,3
0.27541,0.29049,0.15282,-0.40056,-0.60990,-0.29181,0.11429,0.50169,-0.55715,-0.10923,6,7,8,9,1,3,2,10,4,11,5
0.34707,0.31380,0.12410,-0.45056,-0.25114,-0.24945,0.12721,0.17330,-0.66667,0.16385,6,7,8,9,2,1,3,10,4,11,5
0.16909,0.13390,0.63487,-0.08444,-0.64578,-0.60923,-0.17007,0.89413,-0.00684,-0.36476,4,5,6,7,2,3,1,8,9,10,11
-0.53115,0.43762,0.22103,-0.91000,-0.27034,-0.13057,0.43946,0.43291,0.08008,-0.40442,5,6,7,8,9,10,4,1,2,3,11
-0.42529,0.12287,0.22256,-0.61000,0.22486,-0.27095,0.62857,0.81794,-0.75359,-0.10143,7,8,9,10,11,5,3,2,1,4,6
-0.88431,0.27725,0.51846,-0.19111,0.28550,-0.67879,0.27279,0.19150,-0.75839,-0.05137,4,5,6,7,8,9,10,3,2,1,11
0.25667,-0.19282,0.20154,-0.31222,0.03588,-0.30699,0.01497,0.33109,-0.85353,0.04941,8,3,5,6,9,2,4,10,7,11,1
-0.16628,-0.75614,0.08974,0.43444,0.87822,0.13310,0.15578,-0.70330,-0.14511,0.14694,1,2,3,4,5,6,7,8,9,10,11
0.19532,-0.63044,-0.07692,0.17000,0.62102,0.18938,-0.05578,-0.00405,-0.53046,0.30494,2,1,3,4,5,6,7,8,9,10,11
0.45574,-0.39225,-0.15539,0.44667,0.26529,-0.38603,-0.29728,-0.49831,-0.17249,0.48375,3,2,1,4,5,6,7,8,9,10,11
0.53864,0.08570,-0.01744,-0.07444,-0.00556,-0.78312,0.22925,-0.23129,-0.35661,0.08908,5,6,7,1,3,2,8,9,10,11,4
0.26417,0.29175,0.18769,-0.43111,-0.68065,-0.23048,0.09116,0.47809,-0.51335,-0.17555,6,7,8,9,1,3,2,10,4,11,5
0.33864,0.31412,0.05333,-0.32444,-0.28651,-0.24439,0.22245,0.05597,-0.72142,0.32640,6,7,8,9,2,1,3,10,5,11,4
0.17237,0.15627,0.64872,-0.03056,-0.65134,-0.68890,-0.23401,0.86244,0.08898,-0.37386,3,4,5,6,2,7,1,8,9,10,11
-0.59251,0.50851,0.04308,-0.79889,-0.16220,-0.14891,0.46599,0.41200,-0.16906,-0.41287,5,6,7,8,9,10,4,1,2,3,11
-0.45386,0.09231,0.37795,-0.63111,0.18343,-0.22668,0.47075,0.86784,-0.72211,-0.08323,7,8,9,10,11,6,4,3,1,2,5
-0.91054,0.20510,0.56359,-0.29278,0.34310,-0.51186,0.29932,0.29737,-0.85900,-0.08127,4,5,6,7,8,9,10,3,2,1,11
0.19251,-0.08412,0.07846,-0.27889,0.07428,-0.32343,0.06803,0.19420,-0.96236,0.23472,7,4,8,6,9,1,3,10,5,11,2
-0.23888,-0.71834,0.09128,0.50889,0.87671,0.15460,0.16803,-0.68847,-0.21834,0.22107,1,2,3,4,5,6,7,8,9,10,11
0.08759,-0.61090,0.02205,0.18222,0.63264,0.16282,-0.23674,-0.06271,-0.48118,0.32380,2,1,3,4,5,6,7,8,9,10,11
0.37190,-0.38658,-0.13385,0.49722,0.23042,-0.46507,-0.23401,-0.53945,-0.07803,0.47204,3,2,1,4,5,6,7,8,9,10,11
0.51101,0.08223,-0.03282,0.01833,-0.07428,-0.78059,0.18708,-0.27377,-0.28063,0.14369,5,6,7,1,3,2,8,9,10,11,4
0.24028,0.29269,0.13026,-0.42167,-0.73017,-0.21341,0.12789,0.50101,-0.54346,-0.13914,6,7,8,9,1,3,2,10,4,11,5
0.30960,0.19439,0.12923,-0.17000,-0.38100,-0.29244,0.25102,0.03844,-0.72211,0.33355,6,7,8,5,2,1,3,9,10,11,4
0.14052,0.20889,0.54821,-0.06333,-0.66801,-0.70408,-0.14354,0.86918,-0.00821,-0.42588,4,5,6,7,2,8,1,9,3,10,11
-0.61265,0.57372,-0.18872,-0.75333,-0.00606,-0.15650,0.59592,0.31693,-0.31554,-0.44798,5,6,7,8,9,10,4,1,3,2,11
-0.48290,0.08507,0.38103,-0.66778,0.24356,-0.07114,0.31905,0.61160,-0.80424,0.06632,7,8,9,10,11,6,4,3,1,2,5
-0.93349,0.06900,0.69897,-0.36944,0.36584,-0.37970,0.25510,0.54687,-0.86242,-0.10663,4,5,6,7,8,9,10,3,2,1,11
0.12365,0.01701,-0.06359,-0.15667,0.06923,-0.40183,0.17279,-0.06339,-0.94867,0.47724,7,6,8,4,9,1,3,10,5,11,2
-0.32038,-0.69943,0.15231,0.49000,0.95958,0.23996,0.20204,-0.61564,-0.23888,0.29714,1,2,3,4,5,6,7,8,9,10,11
-0.03560,-0.57152,0.10872,0.26500,0.62254,0.00474,-0.30952,-0.13149,-0.45791,0.40637,2,1,3,5,6,7,8,9,4,10,11
0.24262,-0.36074,-0.06308,0.54167,0.09399,-0.47834,-0.25578,-0.48618,0.06160,0.36411,4,2,1,3,7,5,8,9,10,11,6
0.49930,0.08318,-0.04564,-0.00111,-0.04649,-0.75024,0.11565,-0.31018,-0.33881,0.19961,5,6,7,1,3,2,8,9,10,11,4
0.22248,0.26308,0.11026,-0.35889,-0.76908,-0.32659,0.18299,0.55293,-0.49213,-0.20741,6,7,8,9,1,3,2,10,4,11,5
0.25995,0.11689,0.13333,-0.06722,-0.38454,-0.29814,0.28231,-0.14700,-0.70157,0.37321,6,7,8,5,2,1,3,9,10,11,4
0.07213,0.22716,0.38513,-0.14944,-0.67155,-0.58078,0.07619,0.80243,-0.33060,-0.39987,5,6,7,8,2,4,1,9,3,10,11
-0.62810,0.58759,-0.35282,-0.69111,0.09550,-0.13247,0.64762,0.23129,-0.41410,-0.42068,5,6,7,8,9,10,4,2,3,1,11
-0.46557,0.11153,0.13180,-0.61833,0.42648,-0.03952,0.21088,0.33648,-0.88843,0.21587,5,6,7,8,9,10,11,3,1,2,4
-0.93864,0.10744,0.77333,-0.42500,0.32794,-0.32849,0.14354,0.44572,-0.79877,-0.10273,4,5,6,7,8,9,10,3,2,1,11
0.06838,0.03592,-0.08359,-0.10278,0.03032,-0.37464,0.14218,-0.14902,-0.87954,0.49220,7,6,8,4,9,1,3,10,5,11,2
-0.54848,-0.60933,0.40256,0.54500,1.00000,0.26652,0.10476,-0.47741,-0.11225,0.31795,1,2,3,4,5,6,7,8,9,10,11
-0.05012,-0.55009,0.06359,0.29556,0.62607,-0.10338,-0.25850,-0.18544,-0.51472,0.54291,2,1,3,5,6,7,8,9,4,10,11
0.26323,-0.42281,-0.12308,0.50444,0.08843,-0.31521,-0.28571,-0.56844,0.08487,0.40507,3,2,1,4,7,5,8,9,10,11,6
0.48478,0.06900,-0.02462,0.08778,-0.14250,-0.65539,0.04422,-0.28591,-0.40999,0.25683,5,6,7,1,3,2,8,9,10,11,4
0.20422,0.25331,0.09846,-0.34500,-0.75846,-0.43092,0.23265,0.51382,-0.34155,-0.27893,5,6,7,8,1,3,2,9,4,10,11
0.16253,0.06427,0.01641,-0.14056,-0.19454,-0.18369,0.14626,-0.40256,-0.62081,0.49870,6,7,8,2,4,1,5,9,10,11,3
0.02389,0.25551,0.20000,-0.23611,-0.60232,-0.44041,0.29320,0.61295,-0.59411,-0.33160,6,7,8,9,2,3,1,10,4,11,5
-0.62717,0.57877,-0.39795,-0.67000,0.15968,-0.09832,0.70884,0.15509,-0.46064,-0.39402,4,5,6,7,8,9,10,2,3,1,11
-0.44965,0.07593,0.09333,-0.55167,0.49773,-0.05217,0.03673,0.21376,-0.86242,0.22887,5,6,7,8,9,10,11,4,1,2,3
-0.97518,0.18526,0.82103,-0.40778,0.25265,-0.35757,0.01156,0.42279,-0.79124,-0.06957,3,4,5,6,7,8,9,10,2,1,11
0.07916,0.02899,-0.18821,-0.10333,0.08034,-0.25261,0.02449,-0.22792,-0.75975,0.40897,7,6,8,3,9,1,4,10,5,11,2
-0.75457,-0.47070,0.73128,0.59611,0.89237,0.17420,-0.03673,-0.39649,-0.10609,0.28284,1,2,4,5,6,7,8,9,10,3,11
-0.00937,-0.56616,0.04359,0.27111,0.61395,-0.15713,-0.15578,-0.17330,-0.56194,0.55462,2,1,3,6,7,8,9,10,4,11,5
0.29227,-0.51071,-0.13744,0.41667,0.19555,-0.36010,-0.02517,-0.63520,-0.12457,0.56762,3,2,1,4,6,5,7,8,9,10,11
0.46604,0.04505,0.00821,0.10389,-0.15917,-0.62694,0.01769,-0.23736,-0.45311,0.36866,5,6,7,1,4,2,8,9,10,11,3
0.19579,0.26434,0.07949,-0.38944,-0.75392,-0.42017,0.23333,0.46797,-0.26215,-0.26398,5,6,7,8,1,3,2,9,4,10,11
0.04403,0.03182,-0.19385,-0.11278,0.09247,-0.17610,-0.04286,-0.59272,-0.36413,0.52406,8,4,9,1,5,2,6,10,7,11,3
-0.01030,0.19691,0.11333,-0.39611,-0.47196,-0.29118,0.34830,0.44302,-0.54689,-0.36736,7,8,9,10,1,3,2,6,4,11,5
-0.62155,0.53623,-0.20923,-0.73611,0.09550,-0.21277,0.72789,0.18881,-0.22245,-0.31144,5,6,7,8,9,10,4,1,3,2,11
-0.52646,0.09483,0.11641,-0.43500,0.56392,-0.02877,-0.17755,-0.04113,-0.50924,0.18986,6,4,7,8,9,10,11,5,1,2,3
-1.00000,0.20290,0.69590,-0.40222,0.30066,-0.32849,0.13197,0.47202,-0.84668,-0.10533,3,4,5,6,7,8,9,10,2,1,11
0.15176,-0.03844,-0.09282,-0.18556,0.07024,-0.21720,0.12789,-0.09440,-0.87817,0.27503,7,5,8,3,9,1,4,10,6,11,2
-0.92834,0.10586,0.98359,0.83000,-0.05609,-0.77679,-0.33674,-0.04518,0.06092,0.52341,2,4,5,6,7,8,9,3,10,1,11
-0.51757,-0.08003,0.65282,0.49722,0.44063,-0.79450,-0.72041,-0.43156,-0.33949,0.73927,1,2,4,5,6,7,8,9,10,3,11
-0.31710,-0.33774,0.25385,0.56389,0.18039,-0.80651,-0.30816,-0.39784,-0.16016,0.78804,3,2,1,5,6,7,8,9,10,4,11
-0.19579,-0.21834,-0.03590,-0.08278,-0.14250,-0.38856,0.20612,0.23938,-0.30185,0.53316,10,7,6,3,11,2,5,9,4,8,1
0.12319,0.13453,-0.36359,-0.31944,-0.30672,-0.16092,0.86327,-0.50438,-0.35387,0.12744,4,5,6,7,1,2,3,8,9,10,11
-0.02670,0.02615,-0.44154,-0.07611,-0.26225,-0.13500,0.31020,-0.24815,-0.29569,0.64109,7,8,9,2,4,1,5,10,6,11,3
-0.31522,0.35224,-0.11180,-0.46833,-0.26175,-0.33924,0.54966,0.47876,-1.00000,0.17555,6,7,8,9,10,5,1,2,3,4,11
-0.60749,0.86421,-0.13077,-0.95722,-0.02729,-0.09390,0.17619,0.63587,-0.67009,-0.08973,4,5,6,7,8,9,10,1,2,3,11
-0.65199,0.69975,0.06000,-0.88222,0.24558,-0.09200,-0.02925,0.08361,-0.75017,0.08453,4,5,6,7,8,9,10,3,2,1,11
-0.85527,0.81601,-0.01385,-0.51500,-0.00808,-0.65982,0.61837,-0.23466,-0.51609,0.32510,4,5,6,7,8,9,10,2,3,1,11
-0.49134,0.12602,0.18974,-0.36722,0.12683,-0.26905,-0.27211,-0.29939,-0.18001,0.65345,9,7,10,6,11,3,5,8,2,1,4
-0.95925,0.13201,1.00000,0.78500,-0.06518,-0.68005,-0.46191,0.02090,0.14511,0.39142,2,4,5,6,7,8,9,3,10,1,11
-0.61686,0.07467,0.56769,0.55889,0.22284,-1.00000,-0.61157,-0.43898,-0.08556,0.86216,2,3,6,7,8,9,4,10,5,1,11
-0.41452,-0.25898,0.33180,0.46722,0.18090,-0.89504,-0.31905,-0.35064,-0.07940,0.80624,3,2,1,5,6,7,8,9,10,4,11
-0.27073,-0.21361,-0.01897,-0.07944,-0.07630,-0.37148,0.15034,0.24477,-0.29295,0.49350,10,7,5,2,11,3,6,9,4,8,1
0.03513,0.11437,-0.32872,-0.28167,-0.39111,-0.13247,0.92041,-0.46932,-0.28337,0.02601,4,5,6,7,1,2,3,8,9,10,11
-0.15972,0.02647,-0.31333,-0.08722,-0.31834,-0.21151,0.38163,-0.04046,-0.37782,0.58908,8,9,10,3,5,1,2,11,6,7,4
-0.37986,0.40076,-0.10359,-0.60056,-0.20212,-0.26273,0.43265,0.53270,-0.99726,0.27633,6,7,8,9,10,5,3,1,2,4,11
-0.65480,0.84090,-0.27282,-1.00000,0.14401,0.19191,0.09388,0.46325,-0.82341,-0.01625,4,5,6,7,8,9,10,3,2,1,11
-0.65340,0.69187,-0.13949,-0.70667,0.40121,-0.13057,0.07279,-0.03237,-0.96030,0.07737,4,5,6,7,8,9,10,3,2,1,11
-0.87635,0.86232,0.04769,-0.74667,0.01465,-0.62883,0.44966,0.05394,-0.43190,0.26463,4,5,6,7,8,9,10,2,3,1,11
-0.51382,0.12571,0.12256,-0.28944,0.13643,-0.26968,-0.21837,-0.34929,-0.22450,0.73602,8,7,9,6,10,3,5,11,2,1,4
-0.96253,0.09200,0.97487,0.85833,-0.22385,-0.69523,-0.41497,-0.02697,0.22587,0.33940,2,4,7,8,9,10,5,3,6,1,11
-0.61780,-0.01134,0.53333,0.73722,0.19656,-0.98799,-0.41157,-0.59137,-0.20329,1.00000,2,3,4,6,7,8,9,10,5,1,11
-0.45995,-0.26087,0.35590,0.41389,0.26933,-0.90579,-0.35102,-0.25287,-0.10130,0.85761,3,2,1,5,6,7,8,9,10,4,11
-0.25995,-0.22212,-0.09333,-0.14500,0.04194,-0.25134,0.00408,0.24612,-0.30253,0.61639,10,6,3,2,11,5,8,9,4,7,1
-0.16768,0.11342,-0.27077,-0.28500,-0.32693,-0.24186,1.00000,-0.46999,-0.15264,0.10208,4,5,6,7,1,3,2,8,9,10,11
-0.32272,0.02205,-0.21436,-0.04833,-0.29661,-0.21214,0.30408,-0.02967,-0.26283,0.57217,9,10,11,3,7,1,5,8,2,6,4
-0.42108,0.36736,0.01590,-0.67667,-0.16675,-0.19697,0.28776,0.50506,-0.79192,0.22497,6,7,8,9,10,5,3,2,1,4,11
-0.66557,0.81916,-0.46615,-0.84333,0.29864,0.15207,0.13810,0.27444,-0.63997,0.04486,4,5,6,7,8,9,10,3,2,1,11
-0.65527,0.68179,-0.20000,-0.59389,0.37746,-0.19001,0.19796,-0.05866,-0.81040,-0.03251,4,5,6,7,8,9,10,3,2,1,11
-0.90632,0.96912,-0.16974,-0.89222,0.16069,-0.48277,0.41497,-0.02428,-0.47160,0.55202,4,5,6,7,8,9,10,2,3,1,11
-0.50351,0.05325,-0.03487,-0.15556,0.28196,-0.24755,-0.14762,-0.38503,-0.24298,0.57152,7,6,9,4,10,5,8,11,2,1,3
-0.95972,0.05577,0.93333,0.89556,-0.29611,-0.79576,-0.33333,-0.09103,0.30596,0.26723,2,4,7,8,9,10,5,3,6,1,11
-0.58080,-0.15469,0.50154,0.79333,0.32744,-0.86152,-0.38503,-0.54686,-0.35524,0.86801,2,1,3,5,6,7,8,9,10,4,11
-0.50258,-0.24291,0.27128,0.45778,0.27185,-0.77110,-0.22653,-0.35941,-0.13142,0.66840,3,2,1,5,8,9,10,11,6,4,7
-0.23653,-0.22432,-0.21590,-0.11222,0.03588,-0.18622,0.07891,0.17465,-0.35866,0.68986,9,6,3,2,11,4,8,10,5,7,1
-0.35223,0.14713,-0.15333,-0.40778,-0.16069,-0.39804,0.84286,-0.24612,-0.08419,0.16840,8,9,10,11,2,3,1,5,6,4,7
-0.34848,-0.06144,-0.30410,0.03278,-0.16321,-0.05090,0.24830,-0.24612,-0.21971,0.64369,8,6,9,1,10,2,7,11,4,5,3
-0.40890,0.34342,-0.05436,-0.76500,-0.01364,0.01423,0.21497,0.41335,-0.90828,0.20156,5,6,7,8,9,10,4,3,1,2,11
-0.65340,0.80687,-0.69231,-0.66111,0.43810,0.12172,0.20816,0.10250,-0.60507,0.05332,4,5,6,7,8,9,10,3,2,1,11
-0.70445,0.69817,-0.11077,-0.68889,0.33552,-0.15650,0.12517,-0.00607,-0.75565,0.01495,4,5,6,7,8,9,10,3,2,1,11
-0.92412,0.92817,-0.07231,-0.70444,0.02931,-0.46823,0.21769,-0.18072,-0.01780,0.17750,3,4,5,6,7,8,9,10,2,1,11
-0.48665,-0.01386,-0.10308,-0.14389,0.40728,-0.26336,-0.12585,-0.21106,-0.25873,0.38882,7,4,10,5,11,6,8,9,2,1,3
-0.96815,0.04757,0.89897,0.83722,-0.20566,-0.76605,-0.52721,-0.12070,0.41958,0.21782,2,3,6,7,8,9,5,4,10,1,11
-0.62155,-0.15469,0.55795,0.61389,0.41486,-0.86089,-0.48980,-0.38571,-0.37235,0.83290,2,1,4,5,6,7,8,9,10,3,11
-0.58080,-0.19786,0.23077,0.49667,0.13845,-0.55232,-0.14898,-0.44032,-0.09719,0.54161,4,2,1,6,9,8,10,11,5,3,7
-0.25574,-0.24858,-0.22308,0.00444,-0.12835,-0.13816,0.22993,0.12340,-0.38604,0.70546,9,6,5,3,11,2,8,10,4,7,1
-0.36253,0.11972,-0.26564,-0.40333,-0.00808,-0.21214,0.66667,-0.39177,-0.12731,0.26138,9,8,10,7,5,1,3,11,4,2,6
-0.41499,-0.05545,-0.38615,0.07778,-0.01112,-0.13753,0.23742,-0.22859,-0.30869,0.83290,7,6,9,1,10,3,8,11,4,2,5
-0.38314,0.31821,-0.22103,-0.59000,0.00859,-0.14322,0.44762,0.34929,-0.93292,0.17100,6,7,8,9,10,5,4,2,1,3,11
-0.65246,0.77127,-0.61692,-0.70944,0.30066,0.08694,0.30000,0.26096,-0.51745,0.03446,4,5,6,7,8,9,10,3,2,1,11
-0.74239,0.73567,0.02051,-0.78444,0.22385,-0.18242,0.03265,0.10452,-0.82341,0.13264,4,5,6,7,8,9,10,3,2,1,11
-0.91991,1.00000,-0.60718,-0.36389,0.21577,-0.36010,0.04762,-0.53877,-0.01711,0.36671,2,3,4,5,6,7,8,9,10,1,11
-0.51194,-0.03182,-0.04308,-0.20333,0.43153,-0.24249,-0.18776,-0.16116,-0.12800,0.23537,7,4,9,5,10,6,11,8,2,1,3
-0.95035,0.02142,0.86000,0.73778,-0.14907,-0.74455,-0.61361,-0.24477,0.48118,0.20676,2,3,6,7,8,9,4,5,10,1,11
-0.68759,-0.07183,0.60513,0.49444,0.32946,-0.97913,-0.43674,-0.28254,-0.26968,0.78023,3,2,4,5,6,7,8,9,10,1,11
-0.63232,-0.23094,0.27949,0.51333,0.17029,-0.65918,-0.03878,-0.29265,-0.18549,0.53706,4,3,1,6,8,9,10,11,5,2,7
-0.25574,-0.28734,-0.29282,0.16333,-0.27539,0.00537,0.34626,-0.01618,-0.20945,0.57217,8,6,5,3,10,2,9,11,4,7,1
-0.24403,0.07750,-0.48974,-0.29611,-0.07529,0.04395,0.63742,-0.45853,-0.21834,0.35891,9,8,10,7,2,1,6,11,4,3,5
-0.48993,-0.05198,-0.41180,0.12444,0.08994,-0.24818,0.28027,-0.19825,-0.26557,0.73472,7,6,10,2,11,4,8,9,3,1,5
-0.46323,0.30750,-0.16359,-0.34000,-0.19454,-0.32469,0.62721,0.29872,-0.88980,0.26918,6,7,8,9,10,5,2,1,4,3,11
-0.67307,0.74512,-0.48205,-0.82278,0.18343,0.05280,0.27823,0.33918,-0.30732,0.05592,4,5,6,7,8,9,10,3,2,1,11
-0.73771,0.73913,-0.14667,-0.67889,0.41132,-0.12615,-0.15850,-0.06473,-0.81520,0.21261,4,5,6,7,8,9,10,3,2,1,11
-0.91710,0.97448,-0.56205,-0.37556,0.27590,-0.35694,-0.09796,-0.47067,-0.08966,0.28999,3,4,5,6,7,8,9,10,2,1,11
-0.55504,-0.02300,0.02821,-0.32500,0.44416,-0.24755,-0.27959,-0.09440,0.02738,0.30104,8,4,9,7,10,6,11,5,2,1,3
